Name,Pos,Team,Year,Games Plyd,Rush,Rush Yards,Rush TD,Target,Catch,Catch yards,Catch TD,Pass,Complete,Pass Yards,Pass TD,Int,Fum
A.J. Derby,TE,NE,2016,10,,,,20,16,160,,,,,,,1
A.J. Green,WR,CIN,2016,10,,,,100,66,964,4,,,,,,
Aaron Burbridge,WR,SF,2016,16,,,,16,7,88,,,,,,,1
Aaron Ripkowski,RB,GB,2016,16,34,150,2,10,9,46,1,,,,,,
Aaron Rodgers,QB,GB,2016,16,67,369,4,,,,,610,401,4428,40,7,4
"Abbrederis, Jared",WR,GB,2015,9,,,,16,9,111,,,,,,,
"Abdullah, Ameer",RB,DET,2015,16,143,597,2,38,25,183,1,,,,,,2
Adam Humphries,WR,TB,2016,15,5,18,,83,55,622,2,,,,,,
Adam Thielen,WR,MIN,2016,16,2,15,,92,69,967,5,,,,,,1
"Adams, Davante",WR,GB,2014,16,,,,66,38,446,3,,,,,,
"Adams, Davante",WR,GB,2015,13,,,,94,50,483,1,,,,,,
Adrian Peterson,RB,MIN,2016,3,37,72,,6,3,8,,,,,,,1
"Agholor, Nelson",WR,PHI,2015,13,,,,44,23,283,1,,,,,,1
"Agnew, Ray",RB,CLE,2014,12,2,2,,9,3,15,,,,,,,
"Aiken, Kamar",WR,BAL,2014,16,,,,33,24,267,3,,,,,,
"Aiken, Kamar",WR,BAL,2015,16,,,,127,75,944,5,,,,,,1
"Ajayi, Jay",RB,MIA,2015,9,49,187,1,11,7,90,,,,,,,
"Ajirotutu, Seyi",WR,SD,2014,16,,,,12,4,45,,,,,,,
"Ajirotutu, Seyi",WR,PHI,2015,13,,,,3,1,4,,,,,,,
Akeem Hunt,RB,HOU,2016,8,20,109,,4,3,29,,,,,,,
Alan Cross,TE,TB,2016,14,,,,10,6,38,1,,,,,,
Albert Wilson,WR,KC,2016,16,2,50,1,51,31,279,2,,,,,,
Aldrick Robinson,WR,ATL,2016,16,,,,32,20,323,2,,,,,,
Alex Collins,RB,SEA,2016,11,31,125,1,11,11,84,,,,,,,1
Alex Ellis,TE,JAC,2016,6,,,,4,3,11,,,,,,,
Alex Erickson,WR,CIN,2016,16,,,,8,6,71,,,,,,,
Alex Smith,QB,KC,2016,15,48,134,5,,,,,489,328,3502,15,8,4
"Alford, Mario",WR,CIN,2015,1,,,,1,1,15,,,,,,,
Alfred Blue,RB,HOU,2016,14,100,420,1,16,12,40,,,,,,,1
Alfred Morris,RB,DAL,2016,14,69,243,2,6,3,11,,,,,,,
Allen Hurns,WR,JAC,2016,11,,,,76,35,477,3,,,,,,
Allen Robinson,WR,JAC,2016,16,,,,151,73,883,6,,,,,,
"Allen, Dwayne",TE,IND,2014,13,,,,50,29,395,8,,,,,,
"Allen, Dwayne",TE,IND,2015,13,1,1,,29,16,109,1,,,,,,
"Allen, Javorius",RB,BAL,2015,16,137,514,1,62,45,353,2,,,,,,2
"Allen, Keenan",WR,SD,2014,14,,,,121,77,783,4,,,,,,2
"Allen, Keenan",WR,SD,2015,8,,,,89,67,725,4,,,,,,1
Alshon Jeffery,WR,CHI,2016,13,,,,94,52,821,2,,,,,,
Amari Cooper,WR,OAK,2016,16,1,0,,132,83,1153,5,,,,,,
"Amaro, Jace",TE,NYJ,2014,14,,,,53,38,345,2,,,,,,
Ameer Abdullah,RB,DET,2016,3,18,101,,5,5,57,1,,,,,,
"Amendola, Danny",WR,NE,2014,16,,,,41,27,200,1,,,,,,
"Amendola, Danny",WR,NE,2015,14,2,11,,87,65,648,3,,,,,,1
"Anderson, C.J.",RB,DEN,2014,15,179,849,8,44,34,324,2,,,,,,
"Anderson, C.J.",RB,DEN,2015,15,152,720,5,36,25,183,,,,,,,2
"Anderson, Derek",QB,CAR,2014,6,8,24,,,,,,97,65,701,5,,
"Anderson, Derek",QB,CAR,2015,3,7,-2,,,,,,6,4,36,,,
Andre Ellington,RB,ARI,2016,16,34,96,,19,12,85,,,,,,,
Andre Holmes,WR,OAK,2016,16,,,,25,14,126,3,,,,,,
Andre Johnson,WR,TEN,2016,8,,,,22,9,85,2,,,,,,
Andre Roberts,WR,DET,2016,16,,,,25,14,188,1,,,,,,1
Andre Williams,RB,LAC,2016,1,18,87,,2,,,,,,,,,
Andrew Hawkins,WR,CLE,2016,16,2,0,,54,33,324,3,,,,,,
Andrew Luck,QB,IND,2016,15,64,341,2,,,,,545,346,4240,31,13,5
"Andrews, Antonio",RB,TEN,2014,4,,,,2,2,11,,,,,,,
"Andrews, Antonio",RB,TEN,2015,14,143,520,3,29,21,174,,,,,,,1
Andy Dalton,QB,CIN,2016,16,46,184,4,,,,,563,364,4206,18,8,3
Andy Janovich,RB,DEN,2016,11,4,33,1,7,5,44,,,,,,,
Anquan Boldin,WR,DET,2016,16,,,,95,67,584,8,,,,,,
Anthony Fasano,TE,TEN,2016,16,,,,13,8,83,2,,,,,,
Anthony Sherman,RB,KC,2016,16,,,,6,4,11,,,,,,,
Antone Smith,RB,TB,2016,4,10,47,,9,6,77,,,,,,,1
Antonio Andrews,RB,TEN,2016,16,2,15,,,,,,,,,,,
Antonio Brown,WR,PIT,2016,15,3,9,,154,106,1284,12,,,,,,
Antonio Gates,TE,LAC,2016,14,,,,93,53,548,7,,,,,,1
"Archer, Dri",RB,PIT,2014,12,10,40,,10,7,23,,,,,,,
"Archer, Dri",WR,PIT,2015,8,,,,,,,,,,,,,
Arian Foster,RB,MIA,2016,4,22,55,,10,6,78,,,,,,,
Arrelious Benn,WR,JAC,2016,15,,,,10,5,116,1,,,,,,
"Artis-Payne, Cameron",RB,CAR,2015,7,45,183,1,5,5,58,,,,,,,
"Asiata, Matt",RB,MIN,2014,15,164,570,9,63,44,312,1,,,,,,1
"Asiata, Matt",RB,MIN,2015,16,29,112,,22,19,132,,,,,,,
"Ausberry, David",TE,OAK,2014,6,,,,4,2,14,,,,,,,
Austin Hooper,TE,ATL,2016,14,,,,27,19,271,3,,,,,,
Austin Seferian-Jenkins,TE,TB,2016,9,,,,20,13,154,1,,,,,,
"Austin, Miles",WR,CLE,2014,12,,,,72,47,568,2,,,,,,
"Austin, Miles",WR,PHI,2015,11,,,,31,13,224,1,,,,,,
"Austin, Tavon",WR,STL,2014,15,36,224,2,44,31,242,,,,,,,
"Austin, Tavon",WR,LA,2015,16,52,434,4,87,52,473,5,,,,,,2
"Avant, Jason",WR,CAR,2014,16,1,1,,61,34,353,1,,,,,,
"Avant, Jason",WR,KC,2015,16,,,,24,15,119,,,,,,,
"Avery, Donnie",WR,KC,2014,6,,,,26,15,176,,,,,,,1
"Bailey, Stedman",WR,STL,2014,14,1,13,,46,30,435,1,,,,,,
"Bailey, Stedman",WR,LA,2015,8,,,,25,12,182,1,,,,,,
"Baker, Edwin",RB,NO,2014,3,1,2,,,,,,,,,,,
"Baldwin, Doug",WR,SEA,2014,16,1,8,,98,66,825,3,,,,,,
"Baldwin, Doug",WR,SEA,2015,16,,,,103,78,1069,14,,,,,,
"Ball, Montee",RB,DEN,2014,5,55,172,1,13,9,62,,,,,,,1
"Banyard, Joe",RB,MIN,2014,28,8,43,,6,6,42,,,,,,,
"Banyard, Joe",RB,JAC,2015,5,,,,,,,,,,,,,
"Barkley, Matt",QB,PHI,2014,1,3,0,,,,,,1,0,0,,,
"Barner, Kenjon",RB,PHI,2015,11,28,124,,12,9,22,,,,,,,1
"Barnidge, Gary",TE,CLE,2014,13,,,,25,13,156,,,,,,,
"Barnidge, Gary",TE,CLE,2015,16,,,,125,79,1043,9,,,,,,
"Battle, Jackie",RB,TEN,2014,16,5,9,1,5,5,28,,,,,,,
"Beasley, Cole",WR,DAL,2014,16,,,,49,37,420,4,,,,,,2
"Beasley, Cole",WR,DAL,2015,16,,,,75,52,536,5,,,,,,2
"Beckham, Odell",WR,NYG,2014,12,7,35,,130,91,1305,12,,,,,,1
"Beckham, Odell",WR,NYG,2015,15,1,3,,158,96,1450,13,,,,,,
"Bell, Blake",TE,SF,2015,14,,,,25,15,186,,,,,,,
"Bell, Joique",RB,DET,2014,15,223,860,7,53,34,322,1,,,,,,1
"Bell, Joique",RB,DET,2015,13,90,311,4,27,22,286,,,,,,,
"Bell, Le'Veon",RB,PIT,2014,16,290,1361,8,105,83,854,3,,,,,,
"Bell, Le'Veon",RB,PIT,2015,6,113,556,3,26,24,136,,,,,,,
"Bellamy, Josh",WR,CHI,2014,4,,,,1,0,0,,,,,,,
"Bellamy, Josh",WR,CHI,2015,16,,,,34,19,224,2,,,,,,
Ben Braunecker,TE,CHI,2016,13,,,,6,4,41,,,,,,,
Ben Koyack,TE,JAC,2016,14,,,,24,19,161,1,,,,,,
Ben Roethlisberger,QB,PIT,2016,14,16,14,1,,,,,509,328,3819,29,13,2
"Benjamin, Kelvin",WR,CAR,2014,16,,,,145,73,1008,9,,,,,,1
"Benjamin, Travis",WR,CLE,2014,13,3,11,,40,16,296,3,,,,,,
"Benjamin, Travis",WR,CLE,2015,16,4,12,,125,68,966,5,,,,,,2
"Bennett, Martellus",TE,CHI,2014,16,,,,128,90,916,6,,,,,,
"Bennett, Martellus",TE,CHI,2015,11,,,,80,53,439,3,,,,,,
Bennie Fowler III,WR,DEN,2016,13,,,,24,11,145,2,,,,,,
Benny Cunningham,RB,LAR,2016,11,21,101,,21,16,91,,,,,,,
"Bernard, Giovani",RB,CIN,2014,13,168,680,5,59,43,349,2,,,,,,
"Bernard, Giovani",RB,CIN,2015,16,154,730,2,66,49,472,,,,,,,
"Bersin, Brenton",WR,CAR,2014,15,,,,20,13,151,1,,,,,,
"Bersin, Brenton",WR,CAR,2015,9,,,,11,9,119,,,,,,,1
"Bibbs, E.J.",TE,CLE,2015,7,,,,2,1,7,,,,,,,
Bilal Powell,RB,NYJ,2016,16,131,722,3,74,58,388,2,,,,,,1
Blaine Gabbert,QB,SF,2016,6,40,173,2,,,,,160,91,925,5,6,
Blake Bell,TE,SF,2016,13,,,,9,4,85,,,,,,,
Blake Bortles,QB,JAC,2016,16,58,359,3,,,,,625,368,3905,23,16,6
"Blount, LeGarrette",RB,PIT,2014,16,125,547,5,12,10,54,,,,,,,1
"Blount, LeGarrette",RB,NE,2015,12,165,703,6,7,6,43,1,,,,,,
"Blue, Alfred",RB,HOU,2014,16,169,528,2,18,15,113,1,,,,,,
"Blue, Alfred",RB,HOU,2015,15,183,698,2,16,15,109,1,,,,,,1
Bobby Rainey,RB,NYG,2016,15,17,63,,25,20,153,,,,,,,1
"Bohanon, Tommy",RB,NYJ,2014,4,1,3,,2,2,30,,,,,,,
"Bohanon, Tommy",RB,NYJ,2015,16,2,2,,8,4,56,,,,,,,
"Bolden, Brandon",RB,NE,2014,16,28,89,1,6,2,8,,,,,,,
"Bolden, Brandon",RB,NE,2015,15,63,207,,30,19,180,2,,,,,,
"Boldin, Anquan",WR,SF,2014,16,1,4,,131,83,1062,5,,,,,,
"Boldin, Anquan",WR,SF,2015,14,,,,111,69,789,4,,,,,,1
"Bortles, Blake",QB,JAC,2014,14,56,419,,,,,,475,280,2908,11,17,1
"Bortles, Blake",QB,JAC,2015,16,52,310,2,,,,,606,355,4428,35,18,5
"Bostick, Brandon",TE,GB,2014,13,,,,4,2,3,1,,,,,,
"Bowe, Dwayne",WR,KC,2014,15,,,,95,60,754,,,,,,,
"Bowe, Dwayne",WR,CLE,2015,7,,,,13,5,53,,,,,,,
"Boykin, Jarrett",WR,GB,2014,13,,,,12,3,23,,,,,,,
"Boyle, Nick",TE,BAL,2015,11,,,,23,18,153,,,,,,,
"Bradford, Sam",QB,PHI,2015,14,26,39,,,,,,532,346,3725,19,14,3
Bradley Marquez,WR,LAR,2016,14,1,2,,7,3,37,,,,,,,
"Bradshaw, Ahmad",RB,IND,2014,10,90,425,2,47,38,300,6,,,,,,2
"Bradshaw, Ahmad",RB,IND,2015,6,31,85,,14,10,64,3,,,,,,
"Brady, Tom",QB,NE,2014,16,36,57,,,,,,582,373,4109,33,9,3
"Brady, Tom",QB,NE,2015,16,34,53,3,,,,,624,402,4770,36,7,2
Braedon Bowman,TE,NYJ,2016,3,,,,1,,,,,,,,,
Bralon Addison,RB,CHI,2016,2,1,4,,1,1,11,,,,,,,1
Brandin Cooks,WR,NO,2016,16,6,30,,117,78,1173,8,,,,,,
Brandon Bolden,RB,NE,2016,14,1,4,,4,2,15,,,,,,,
Brandon Bostick,TE,NYJ,2016,16,,,,11,8,63,,,,,,,
Brandon Burks,RB,NYJ,2016,1,2,-4,,,,,,,,,,,
Brandon Coleman,WR,NO,2016,16,,,,38,26,281,3,,,,,,
Brandon LaFell,WR,CIN,2016,16,1,-2,,107,64,862,6,,,,,,
Brandon Marshall,WR,NYJ,2016,15,,,,128,59,788,3,,,,,,
Brandon Myers,TE,TB,2016,16,,,,14,7,59,1,,,,,,
Brandon Tate,WR,BUF,2016,15,3,48,,12,8,117,,,,,,,
Brandon Wilds,RB,NYJ,2016,4,10,27,,2,2,20,,,,,,,
Brandon Williams,TE,SEA,2016,16,,,,3,3,53,,,,,,,
"Brate, Cameron",TE,TB,2014,5,,,,1,1,17,,,,,,,
"Brate, Cameron",TE,TB,2015,14,,,,30,23,288,3,,,,,,
Braxton Miller,WR,HOU,2016,10,3,0,,28,15,99,1,,,,,,
"Bray, Quan",WR,IND,2015,9,,,,,,,,,,,,,
"Brees, Drew",QB,NO,2014,16,27,68,1,,,,,659,456,4952,33,17,3
"Brees, Drew",QB,NO,2015,15,24,14,1,,,,,627,428,4870,32,11,2
Brent Celek,TE,PHI,2016,16,,,,19,14,155,,,,,,,
Brenton Bersin,WR,CAR,2016,10,,,,6,2,17,,,,,,,
Breshad Perriman,WR,BAL,2016,16,1,2,,66,33,499,3,,,,,,
Brett Hundley,QB,GB,2016,4,3,-2,,,,,,10,2,17,,1,
Brian Hoyer,QB,CHI,2016,6,7,-2,,,,,,200,134,1445,6,,1
Brian Quick,WR,LAR,2016,16,,,,77,41,564,3,,,,,,
Brice Butler,WR,DAL,2016,16,,,,32,16,219,3,,,,,,
"Bridgewater, Teddy",QB,MIN,2014,13,47,209,1,,,,,402,259,2919,14,12,
"Bridgewater, Teddy",QB,MIN,2015,16,44,192,3,,,,,447,292,3231,14,9,3
"Britt, Kenny",WR,STL,2014,16,2,14,,84,48,748,3,,,,,,
"Britt, Kenny",WR,LA,2015,16,,,,72,36,681,3,,,,,,
Brittan Golden,WR,ARI,2016,12,,,,14,8,82,1,,,,,,1
Brock Osweiler,QB,HOU,2016,15,30,131,2,,,,,510,301,2957,15,16,1
"Brock, Kevin",TE,CIN,2014,14,,,,6,5,21,,,,,,,
Bronson Hill,RB,JAC,2016,3,2,11,,1,,,,,,,,,
"Brown, Antonio",WR,PIT,2014,16,4,13,,181,129,1698,13,,,,,,2
"Brown, Antonio",WR,PIT,2015,16,3,28,,193,136,1834,10,,,,,,2
"Brown, Bryce",RB,BUF,2014,7,36,126,,25,16,176,,,,,,,1
"Brown, Bryce",RB,SEA,2015,3,25,72,1,2,0,0,,,,,,,
"Brown, Daniel",WR,BAL,2015,6,,,,11,6,64,,,,,,,
"Brown, Donald",RB,SD,2014,13,84,225,,41,29,211,,,,,,,
"Brown, Donald",RB,SD,2015,9,59,229,1,13,8,88,,,,,,,
"Brown, Jaron",WR,ARI,2014,16,,,,32,22,229,2,,,,,,
"Brown, Jaron",WR,ARI,2015,16,,,,23,18,246,1,,,,,,
"Brown, John",WR,ARI,2014,16,3,-6,,102,48,696,5,,,,,,
"Brown, John",WR,ARI,2015,15,3,22,,101,65,1003,7,,,,,,1
"Brown, Justin",WR,PIT,2014,8,,,,21,12,94,,,,,,,1
"Brown, Malcolm",RB,LA,2015,1,4,17,,1,1,-2,,,,,,,
"Brown, Marlon",WR,BAL,2014,14,,,,31,24,255,,,,,,,
"Brown, Marlon",WR,BAL,2015,10,,,,30,14,112,,,,,,,
"Brown, Mike",WR,JAC,2014,5,,,,15,7,88,,,,,,,1
"Brown, Philly",WR,CAR,2014,13,8,95,,36,21,296,2,,,,,,1
"Brown, Philly",WR,CAR,2015,14,6,38,,54,31,447,4,,,,,,
"Brown, Ronnie",RB,HOU,2014,9,20,63,,8,5,44,,,,,,,
"Brown, Vincent",WR,OAK,2014,7,,,,21,12,118,,,,,,,
"Brown, Vincent",WR,SD,2015,1,,,,2,1,22,,,,,,,
"Broyles, Ryan",WR,DET,2014,5,,,,5,2,25,,,,,,,
Bryan Walters,WR,JAC,2016,10,1,4,,34,24,231,2,,,,,,1
"Bryant, Dez",WR,DAL,2014,16,,,,136,88,1320,16,,,,,,
"Bryant, Dez",WR,DAL,2015,9,,,,72,31,401,3,,,,,,
"Bryant, Martavis",WR,PIT,2014,10,3,12,,48,26,549,8,,,,,,
"Bryant, Martavis",WR,PIT,2015,11,5,37,1,92,50,765,6,,,,,,1
Bryce Petty,QB,NYJ,2016,6,5,19,,,,,,133,75,809,3,7,1
Bryce Treggs,WR,PHI,2016,9,2,7,,12,3,80,,,,,,,
"Burkhead, Rex",RB,CIN,2014,9,9,27,1,10,7,49,,,,,,,
"Burkhead, Rex",RB,CIN,2015,16,4,4,,15,10,94,1,,,,,,1
"Burse, Isaiah",WR,DEN,2014,12,,,,1,0,0,,,,,,,1
"Burton, Michael",RB,DET,2015,16,4,2,,6,6,39,1,,,,,,
"Burton, Trey",TE,PHI,2014,15,5,10,,,,,,,,,,,
"Burton, Trey",TE,PHI,2015,16,,,,4,3,54,,,,,,,
"Bush, Reggie",RB,DET,2014,11,76,297,2,56,40,253,,,,,,,
"Bush, Reggie",RB,SF,2015,5,8,28,,10,4,19,,,,,,,
"Butler, Brice",WR,OAK,2014,15,,,,35,21,280,2,,,,,,
"Butler, Brice",WR,DAL,2015,7,,,,26,12,258,,,,,,,
"Butler, Jeremy",WR,BAL,2015,8,,,,44,31,363,,,,,,,
Byron Marshall,RB,PHI,2016,3,19,64,,5,3,10,,,,,,,
C.J. Anderson,RB,DEN,2016,7,110,437,4,24,16,128,1,,,,,,
C.J. Fiedorowicz,TE,HOU,2016,15,,,,89,54,559,4,,,,,,
C.J. Prosise,RB,SEA,2016,6,30,172,1,19,17,208,,,,,,,
C.J. Spiller,RB,SEA,2016,6,6,18,,13,6,50,1,,,,,,
C.J. Uzomah,TE,CIN,2016,10,,,,38,25,234,1,,,,,,
"Cadet, Travaris",RB,NO,2014,15,10,32,,51,38,296,1,,,,,,2
"Cadet, Travaris",RB,NE,2015,7,11,28,,22,17,214,1,,,,,,1
"Caldwell, Andre",WR,DEN,2014,16,,,,15,5,47,,,,,,,
"Caldwell, Andre",WR,DEN,2015,14,1,3,,22,10,72,2,,,,,,
Cam Newton,QB,CAR,2016,15,90,359,5,,,,,510,270,3509,19,14,2
Cameron Artis-Payne,RB,CAR,2016,4,36,144,2,1,1,11,,,,,,,
Cameron Brate,TE,TB,2016,15,,,,81,57,660,8,,,,,,
Cameron Meredith,WR,CHI,2016,14,1,6,,97,66,888,4,,,,,,2
"Cameron, Jordan",TE,CLE,2014,10,,,,48,24,424,2,,,,,,
"Cameron, Jordan",TE,MIA,2015,16,,,,70,35,386,3,,,,,,
"Campanaro, Michael",WR,BAL,2014,4,,,,9,7,102,1,,,,,,
"Campanaro, Michael",WR,BAL,2015,4,2,17,1,6,5,35,,,,,,,
"Campbell, Jason",QB,CIN,2014,4,1,1,,,,,,19,11,74,,,1
Cardale Jones,QB,BUF,2016,1,1,-1,,,,,,11,6,96,,1,
"Carey, Ka'Deem",RB,CHI,2014,14,36,158,,6,5,57,,,,,,,
"Carey, Ka'Deem",RB,CHI,2015,10,43,159,2,3,3,19,1,,,,,,1
Carlos Hyde,RB,SF,2016,13,217,988,6,33,27,163,3,,,,,,3
"Carlson, John",TE,ARI,2014,16,,,,55,33,350,1,,,,,,
"Carr, Derek",QB,OAK,2014,16,29,92,,,,,,599,348,3270,21,12,4
"Carr, Derek",QB,OAK,2015,16,33,138,,,,,,573,350,3987,32,13,3
"Carrier, Derek",TE,SF,2014,11,1,2,,14,9,105,,,,,,,
"Carrier, Derek",TE,WAS,2015,12,,,,22,17,141,1,,,,,,
Carson Palmer,QB,ARI,2016,15,14,38,,,,,,597,364,4233,26,14,4
Carson Wentz,QB,PHI,2016,16,46,150,2,,,,,607,379,3782,16,14,3
Case Keenum,QB,LAR,2016,10,20,51,1,,,,,322,196,2201,9,11,1
"Casey, James",TE,PHI,2014,16,,,,3,3,59,2,,,,,,
"Cassel, Matt",QB,MIN,2014,3,9,18,,,,,,71,41,425,3,4,
"Cassel, Matt",QB,BUF,2015,10,15,78,,,,,,205,119,1276,5,7,
Cecil Shorts,WR,TB,2016,9,,,,27,11,152,,,,,,,
Cedric Peerman,RB,CIN,2016,6,6,15,,1,,,,,,,,,
"Celek, Brent",TE,PHI,2014,16,,,,52,32,340,1,,,,,,1
"Celek, Brent",TE,PHI,2015,16,,,,35,27,398,3,,,,,,
"Celek, Garrett",TE,SF,2014,3,,,,2,2,53,,,,,,,
"Celek, Garrett",TE,SF,2015,11,,,,28,19,186,3,,,,,,
Chad Henne,QB,JAC,2016,1,1,-2,,,,,,,,,,,
"Chandler, Scott",TE,BUF,2014,16,,,,70,47,497,3,,,,,,
"Chandler, Scott",TE,NE,2015,15,,,,42,23,259,4,,,,,,
Charcandrick West,RB,KC,2016,15,88,293,1,34,28,188,2,,,,,,
Charles Clay,TE,BUF,2016,15,,,,87,57,552,4,,,,,,
Charles Johnson,WR,MIN,2016,16,,,,37,20,232,,,,,,,
Charles Sims,RB,TB,2016,7,51,149,1,32,24,190,1,,,,,,1
"Charles, Jamaal",RB,KC,2014,15,206,1033,9,59,40,291,5,,,,,,3
"Charles, Jamaal",RB,KC,2015,5,71,364,4,29,21,177,1,,,,,,2
Charlie Whitehurst,QB,CLE,2016,1,2,1,,,,,,24,14,182,1,1,
Charone Peake,WR,NYJ,2016,15,,,,35,19,186,,,,,,,
Chase Daniel,QB,PHI,2016,2,,,,,,,,1,1,16,,,
Chase Reynolds,RB,LAR,2016,16,,,,1,1,4,,,,,,,
Chester Rogers,WR,IND,2016,14,,,,34,19,273,,,,,,,
Chris Conley,WR,KC,2016,16,,,,69,44,530,,,,,,,
Chris Harper,WR,SF,2016,9,,,,21,13,133,,,,,,,
Chris Hogan,WR,NE,2016,15,3,9,,58,38,680,4,,,,,,1
Chris Ivory,RB,JAC,2016,11,117,439,3,28,20,186,,,,,,,3
Chris Johnson,RB,ARI,2016,4,25,95,1,1,,,,,,,,,
Chris Manhertz,TE,NO,2016,7,,,,1,1,10,,,,,,,
Chris Moore,WR,BAL,2016,15,3,19,,16,7,46,,,,,,,
Chris Thompson,RB,WAS,2016,16,68,356,3,62,49,349,2,,,,,,1
Christine Michael,RB,SEA,2016,15,148,583,7,29,22,107,1,,,,,,1
"Clausen, Jimmy",QB,CHI,2014,4,3,9,,,,,,48,26,223,2,1,
"Clausen, Jimmy",QB,CHI,2015,5,11,36,,,,,,125,72,739,2,4,
Clay Harbor,TE,NE,2016,15,,,,3,3,19,,,,,,,
"Clay, Charles",TE,MIA,2014,14,,,,84,58,605,3,,,,,,
"Clay, Charles",TE,BUF,2015,13,,,,77,51,528,3,,,,,,
"Clay, Kaelin",WR,BAL,2015,7,,,,,,,,,,,,,
"Clemens, Kellen",QB,SD,2014,2,,,,,,,,3,1,10,,,
"Clemens, Kellen",QB,SD,2015,2,1,-1,,,,,,6,5,63,1,,
"Cleveland, Asante",TE,SF,2014,6,,,,1,0,0,,,,,,,
"Cleveland, Asante",TE,NE,2015,4,,,,1,1,1,,,,,,,
Clive Walford,TE,OAK,2016,15,,,,52,33,359,3,,,,,,
"Clutts, Tyler",RB,DAL,2014,16,,,,1,1,1,,,,,,,
"Clutts, Tyler",RB,DAL,2015,16,,,,1,1,4,,,,,,,
"Coates, Sammie",WR,PIT,2015,7,,,,2,1,11,,,,,,,
"Cobb, David",RB,TEN,2015,7,52,146,1,2,1,-2,,,,,,,
"Cobb, Randall",WR,GB,2014,16,11,37,,127,91,1287,12,,,,,,2
"Cobb, Randall",WR,GB,2015,16,13,50,,129,79,829,6,,,,,,
Cobi Hamilton,WR,PIT,2016,11,,,,28,17,234,2,,,,,,
Coby Fleener,TE,NO,2016,16,1,2,1,81,50,631,3,,,,,,
Cody Core,WR,CIN,2016,8,,,,27,17,200,,,,,,,
Cody Kessler,QB,CLE,2016,9,11,18,,,,,,195,128,1380,6,2,1
Cody Latimer,WR,DEN,2016,12,,,,15,8,76,,,,,,,
"Coffman, Chase",TE,TEN,2014,13,,,,14,6,64,1,,,,,,
"Coffman, Chase",TE,TEN,2015,2,,,,11,8,71,1,,,,,,
Cole Beasley,WR,DAL,2016,16,1,7,,98,75,833,5,,,,,,
Cole Wick,TE,DET,2016,6,,,,3,2,18,,,,,,,
"Coleman, Brandon",WR,NO,2015,16,,,,49,30,454,2,,,,,,
"Coleman, Derrick",RB,SEA,2014,5,,,,2,2,29,1,,,,,,
"Coleman, Derrick",RB,SEA,2015,14,8,32,,1,1,0,,,,,,,
"Coleman, Tevin",RB,ATL,2015,12,87,392,1,11,2,14,,,,,,,3
Colin Kaepernick,QB,SF,2016,12,69,468,2,,,,,331,196,2241,16,4,3
"Collins, Jed",RB,DET,2014,16,8,19,,6,5,39,1,,,,,,
"Colston, Marques",WR,NO,2014,16,,,,99,59,902,5,,,,,,1
"Colston, Marques",WR,NO,2015,13,,,,67,45,520,4,,,,,,
"Conley, Chris",WR,KC,2015,16,,,,31,17,199,1,,,,,,
"Conner, John",RB,NYJ,2014,12,6,20,,3,2,35,1,,,,,,
Connor Cook,QB,OAK,2016,1,,,,,,,,21,14,150,1,1,1
Connor Hamlett,TE,CLE,2016,3,,,,1,1,17,1,,,,,,
"Cook, Jared",TE,STL,2014,16,1,0,,93,52,634,3,,,,,,
"Cook, Jared",TE,LA,2015,16,,,,75,39,481,,,,,,,1
"Cooks, Brandin",WR,NO,2014,10,7,73,1,69,53,550,3,,,,,,
"Cooks, Brandin",WR,NO,2015,16,8,18,,129,84,1138,9,,,,,,
"Cooper, Amari",WR,OAK,2015,16,3,-3,,130,72,1070,6,,,,,,1
"Cooper, Riley",WR,PHI,2014,16,,,,94,55,577,3,,,,,,1
"Cooper, Riley",WR,PHI,2015,16,,,,41,21,327,2,,,,,,
Cordarrelle Patterson,WR,MIN,2016,16,7,43,,70,52,453,2,,,,,,
Corey Coleman,WR,CLE,2016,10,2,10,,73,33,413,3,,,,,,
Corey Grant,RB,JAC,2016,11,32,164,1,7,4,35,1,,,,,,
"Cotchery, Jerricho",WR,CAR,2014,15,,,,78,48,580,1,,,,,,
"Cotchery, Jerricho",WR,CAR,2015,14,1,16,,54,39,485,3,,,,,,
"Cousins, Kirk",QB,WAS,2014,6,7,20,,,,,,204,126,1710,10,9,2
"Cousins, Kirk",QB,WAS,2015,16,26,48,5,,,,,543,379,4166,29,11,3
"Cox, Michael",RB,NYG,2014,4,4,33,,3,2,9,,,,,,,
"Crabtree, Michael",WR,SF,2014,16,1,4,,108,68,698,4,,,,,,
"Crabtree, Michael",WR,OAK,2015,16,,,,146,85,922,9,,,,,,
"Cribbs, Josh",WR,IND,2014,6,,,,1,1,8,,,,,,,
Crockett Gillmore,TE,BAL,2016,7,,,,14,8,71,1,,,,,,
"Crockett, John",RB,GB,2015,2,9,21,,,,,,,,,,,
"Crowder, Jamison",WR,WAS,2015,16,2,2,,78,59,604,2,,,,,,1
"Crowell, Isaiah",RB,CLE,2014,16,148,607,8,14,9,87,,,,,,,2
"Crowell, Isaiah",RB,CLE,2015,16,185,706,4,22,19,182,1,,,,,,
"Cruz, Victor",WR,NYG,2014,6,,,,41,23,337,1,,,,,,
"Cumberland, Jeff",TE,NYJ,2014,16,,,,47,23,247,3,,,,,,
"Cumberland, Jeff",TE,NYJ,2015,15,,,,14,5,77,,,,,,,
"Cunningham, Benny",RB,STL,2014,16,66,246,3,53,45,352,1,,,,,,2
"Cunningham, Benny",RB,LA,2015,16,37,140,,36,26,250,,,,,,,
"Cunningham, Jerome",TE,NYG,2015,9,,,,16,8,59,,,,,,,
"Cutler, Jay",QB,CHI,2014,15,39,191,2,,,,,561,370,3812,28,18,6
"Cutler, Jay",QB,CHI,2015,15,38,201,1,,,,,483,311,3659,21,11,5
D.J. Foster,RB,NE,2016,3,7,24,,2,1,2,,,,,,,
D.J. Tialavea,TE,ATL,2016,2,,,,1,1,1,1,,,,,,
Dak Prescott,QB,DAL,2016,16,57,282,6,,,,,459,311,3667,23,4,4
"Dalton, Andy",QB,CIN,2014,16,60,169,4,,,,,482,309,3398,19,17,2
"Dalton, Andy",QB,CIN,2015,13,57,142,3,,,,,386,255,3250,25,7,2
Damien Williams,RB,MIA,2016,15,35,115,3,32,23,249,3,,,,,,1
Damiere Byrd,WR,CAR,2016,1,,,,1,1,16,,,,,,,
Daniel Braverman,WR,CHI,2016,3,,,,2,,,,,,,,,
Daniel Brown,TE,BAL,2016,8,,,,20,16,124,1,,,,,,
Daniel Lasco,RB,NO,2016,7,11,32,,4,2,11,,,,,,,
"Daniel, Chase",QB,KC,2014,3,4,15,,,,,,28,16,157,,,
"Daniel, Chase",QB,KC,2015,2,2,-2,,,,,,2,2,4,,,
"Daniels, B.J.",QB,SEA,2015,8,6,6,,,,,,2,1,7,,,
"Daniels, Owen",TE,BAL,2014,15,,,,78,48,527,4,,,,,,
"Daniels, Owen",TE,DEN,2015,16,,,,77,46,517,3,,,,,,
Danny Amendola,WR,NE,2016,12,,,,29,23,243,4,,,,,,1
Danny Vitale,RB,CLE,2016,9,,,,5,4,27,,,,,,,
Danny Woodhead,RB,LAC,2016,2,19,116,,8,6,35,1,,,,,,
"Darkwa, Orleans",RB,MIA,2014,11,9,23,1,6,5,48,,,,,,,
"Darkwa, Orleans",RB,NYG,2015,16,36,153,1,5,3,31,,,,,,,
Darren Fells,TE,ARI,2016,14,,,,18,14,154,1,,,,,,
Darren McFadden,RB,DAL,2016,4,24,87,,5,3,17,,,,,,,
Darren Sproles,RB,PHI,2016,15,94,438,2,71,52,427,2,,,,,,
Darren Waller,TE,BAL,2016,12,,,,17,10,85,2,,,,,,
Darrius Heyward-Bey,WR,PIT,2016,10,1,60,1,19,6,114,2,,,,,,
Daryl Richardson,RB,PIT,2016,3,2,7,,,,,,,,,,,
Davante Adams,WR,GB,2016,16,,,,121,75,997,12,,,,,,1
David Fales,QB,CHI,2016,1,1,0,,,,,,5,2,22,,,
David Johnson,RB,ARI,2016,16,293,1239,16,120,80,879,4,,,,,,3
David Johnson,TE,PIT,2016,16,,,,11,7,80,,,,,,,
David Morgan,TE,MIN,2016,11,,,,1,1,4,,,,,,,
"Davis, Austin",QB,STL,2014,10,16,36,,,,,,284,180,2001,12,9,3
"Davis, Austin",QB,CLE,2015,3,7,33,,,,,,94,56,547,1,3,2
"Davis, Geremy",WR,NYG,2015,10,,,,3,2,21,,,,,,,
"Davis, Kellen",TE,DET,2014,6,,,,3,0,0,,,,,,,
"Davis, Kellen",TE,NYJ,2015,16,,,,11,3,18,1,,,,,,
"Davis, Knile",RB,KC,2014,16,134,463,6,24,16,147,1,,,,,,2
"Davis, Knile",RB,KC,2015,14,28,72,1,3,2,24,,,,,,,
"Davis, Mike",RB,SF,2015,6,35,58,,13,7,38,,,,,,,
"Davis, Vernon",TE,SF,2014,14,1,4,,50,26,245,2,,,,,,
"Davis, Vernon",TE,SF,2015,15,,,,58,38,395,,,,,,,
DeAndre Hopkins,WR,HOU,2016,16,,,,151,78,954,4,,,,,,
DeAndre Smelter,WR,SF,2016,2,,,,1,1,23,,,,,,,
DeAndre Washington,RB,OAK,2016,14,87,467,2,23,17,115,,,,,,,1
DeAngelo Williams,RB,PIT,2016,8,98,343,4,27,18,118,2,,,,,,
De'Anthony Thomas,WR,KC,2016,12,4,29,,9,7,35,,,,,,,
"Decker, Eric",WR,NYJ,2014,15,,,,114,74,962,5,,,,,,
"Decker, Eric",WR,NYJ,2015,15,,,,132,80,1027,12,,,,,,1
Delanie Walker,TE,TEN,2016,15,2,11,,102,65,800,7,,,,,,
DeMarco Murray,RB,TEN,2016,16,293,1287,9,67,53,377,3,,,,,,1
Demarcus Ayers,WR,PIT,2016,2,2,-12,,13,6,53,1,,,,,,
Demaryius Thomas,WR,DEN,2016,16,,,,144,90,1083,5,,,,,,2
Demetrius Harris,TE,KC,2016,16,,,,31,17,123,1,,,,,,
Denard Robinson,RB,JAC,2016,13,41,144,,5,3,22,,,,,,,
Dennis Pitta,TE,BAL,2016,16,,,,121,86,729,2,,,,,,1
Deonte Thompson,WR,CHI,2016,16,,,,36,22,249,2,,,,,,1
Derek Anderson,QB,CAR,2016,5,1,4,,,,,,53,36,453,2,5,1
Derek Carr,QB,OAK,2016,15,39,70,,,,,,560,357,3937,28,6,3
Derek Carrier,TE,WAS,2016,8,,,,2,2,10,,,,,,,
Derek Watt,RB,LAC,2016,16,2,4,,4,4,83,,,,,,,
Derrick Henry,RB,TEN,2016,15,110,490,5,15,13,137,,,,,,,
DeSean Jackson,WR,WAS,2016,15,,,,100,56,1005,4,,,,,,
DeVante Parker,WR,MIA,2016,15,,,,87,56,744,4,,,,,,
"Develin, James",RB,NE,2014,16,3,5,,8,6,43,,,,,,,
Devin Funchess,WR,CAR,2016,15,,,,58,23,371,4,,,,,,
Devin Smith,WR,NYJ,2016,4,,,,3,1,20,,,,,,,
Devin Street,WR,IND,2016,4,,,,6,1,20,,,,,,,
Devonta Freeman,RB,ATL,2016,16,227,1079,11,65,54,462,2,,,,,,1
Devontae Booker,RB,DEN,2016,16,174,612,4,45,31,265,1,,,,,,3
Dexter McCluster,RB,LAC,2016,6,3,2,,11,7,36,,,,,,,
Dez Bryant,WR,DAL,2016,13,,,,96,50,796,8,,,,,,1
Dezmin Lewis,WR,BUF,2016,1,,,,1,,,,,,,,,
"Dickson, Ed",TE,CAR,2014,16,,,,17,10,115,1,,,,,,
"Dickson, Ed",TE,CAR,2015,16,,,,26,17,121,2,,,,,,
"Diggs, Stefon",WR,MIN,2015,13,3,13,,84,52,720,4,,,,,,
"DiMarco, Patrick",RB,ATL,2014,16,,,,14,9,62,1,,,,,,
"DiMarco, Patrick",RB,ATL,2015,16,1,0,,17,13,110,2,,,,,,
Dion Lewis,RB,NE,2016,7,64,283,,24,17,94,,,,,,,
Dion Sims,TE,MIA,2016,14,,,,35,26,256,4,,,,,,
"Dixon, Anthony",RB,BUF,2014,16,105,432,2,9,8,49,,,,,,,
"Dixon, Anthony",RB,BUF,2015,16,21,44,1,7,6,44,,,,,,,
"Dobson, Aaron",WR,NE,2014,4,,,,4,3,38,,,,,,,
"Dobson, Aaron",WR,NE,2015,8,,,,21,13,141,,,,,,,
Dominique Jones,TE,MIA,2016,9,,,,10,7,61,1,,,,,,
Don Jackson,RB,GB,2016,3,10,32,,1,,,,,,,,,
"Donnell, Larry",TE,NYG,2014,16,,,,92,63,623,6,,,,,,4
"Donnell, Larry",TE,NYG,2015,8,,,,41,29,223,2,,,,,,
Donte Moncrief,WR,IND,2016,9,1,-1,,56,30,307,7,,,,,,
Dontrelle Inman,WR,LAC,2016,16,,,,97,58,810,4,,,,,,
Dorial Green-Beckham,WR,PHI,2016,15,,,,74,36,392,2,,,,,,
"Dorsett, Phillip",WR,IND,2015,11,3,17,,39,18,225,1,,,,,,1
"Dorsey, Kevin",WR,GB,2014,3,,,,2,1,4,,,,,,,
Doug Baldwin,WR,SEA,2016,16,3,2,,125,94,1128,7,,,,,,
Doug Martin,RB,TB,2016,8,144,421,3,16,14,134,,,,,,,1
"Douglas, Harry",WR,ATL,2014,12,,,,74,51,556,2,,,,,,
"Douglas, Harry",WR,TEN,2015,14,1,-6,,72,36,411,2,,,,,,1
"Doyle, Jack",TE,IND,2014,16,,,,22,18,118,2,,,,,,
"Doyle, Jack",TE,IND,2015,16,,,,14,12,72,1,,,,,,
"Draughn, Shaun",RB,CHI,2014,11,10,19,,,,,,,,,,,
"Draughn, Shaun",RB,CLE,2015,11,78,273,1,35,27,176,,,,,,,
"Dray, Jim",TE,CLE,2014,16,,,,27,17,242,1,,,,,,
"Dray, Jim",TE,CLE,2015,16,,,,16,6,61,,,,,,,
Drew Brees,QB,NO,2016,16,23,20,2,,,,,673,471,5208,37,15,4
Drew Stanton,QB,ARI,2016,5,3,-3,,,,,,48,19,192,2,3,
DuJuan Harris,RB,SF,2016,10,38,138,,9,8,115,1,,,,,,2
Duke Johnson Jr.,RB,CLE,2016,16,73,358,1,74,53,514,,,,,,,1
"Dunbar, Lance",RB,DAL,2014,16,29,99,,22,18,217,,,,,,,
"Dunbar, Lance",RB,DAL,2015,4,5,67,,23,21,215,,,,,,,
"Durham, Kris",WR,TEN,2014,4,,,,11,6,54,,,,,,,
Dwayne Allen,TE,IND,2016,14,,,,52,35,406,6,,,,,,
Dwayne Harris,WR,NYG,2016,16,,,,1,1,13,1,,,,,,1
Dwayne Washington,RB,DET,2016,12,90,265,1,15,10,62,,,,,,,
"Dwyer, Jonathan",RB,ARI,2014,2,16,51,1,3,2,8,,,,,,,
"Dye, Donteea",WR,TB,2015,10,,,,30,11,132,1,,,,,,
"Easley, Marcus",WR,BUF,2015,13,,,,3,1,58,1,,,,,,
"Ebron, Eric",TE,DET,2014,13,,,,47,25,248,1,,,,,,
"Ebron, Eric",TE,DET,2015,14,,,,70,47,537,5,,,,,,
Ed Dickson,TE,CAR,2016,16,,,,19,10,134,1,,,,,,
Eddie Lacy,RB,GB,2016,5,71,360,,7,4,28,,,,,,,
Eddie Royal,WR,CHI,2016,9,,,,43,33,369,2,,,,,,
"Edelman, Julian",WR,NE,2014,14,10,94,,134,92,972,4,,,,,,
"Edelman, Julian",WR,NE,2015,9,3,23,,88,61,692,7,,,,,,1
"Edwards, Ben",WR,NYG,2015,2,,,,2,1,9,,,,,,,
"Eifert, Tyler",TE,CIN,2014,1,,,,3,3,37,,,,,,,
"Eifert, Tyler",TE,CIN,2015,13,,,,74,52,615,13,,,,,,
EJ Manuel,QB,BUF,2016,7,8,22,,,,,,27,11,131,,,1
Eli Manning,QB,NYG,2016,16,21,-9,,,,,,598,377,4027,26,16,4
Eli Rogers,WR,PIT,2016,13,1,6,,66,48,594,3,,,,,,
"Ellington, Andre",RB,ARI,2014,12,201,660,3,64,46,395,2,,,,,,2
"Ellington, Andre",RB,ARI,2015,10,45,289,3,24,15,148,,,,,,,1
"Ellington, Bruce",WR,SF,2014,13,6,28,1,12,6,62,2,,,,,,
"Ellington, Bruce",WR,SF,2015,13,1,7,,19,13,153,,,,,,,1
"Ellison, Rhett",TE,MIN,2014,16,,,,26,19,208,1,,,,,,
"Ellison, Rhett",TE,MIN,2015,15,,,,19,11,124,1,,,,,,
Emmanuel Sanders,WR,DEN,2016,16,1,4,,137,79,1032,5,,,,,,
"Enunwa, Quincy",WR,NYJ,2015,12,,,,46,22,315,,,,,,,
Eric Decker,WR,NYJ,2016,3,,,,21,9,194,2,,,,,,
Eric Ebron,TE,DET,2016,13,1,1,1,85,61,711,1,,,,,,
Erik Swoope,TE,IND,2016,16,,,,22,15,297,1,,,,,,
"Ertz, Zach",TE,PHI,2014,16,,,,88,58,702,3,,,,,,1
"Ertz, Zach",TE,PHI,2015,15,,,,112,75,853,2,,,,,,1
"Escobar, Gavin",TE,DAL,2014,16,,,,13,9,105,4,,,,,,
"Escobar, Gavin",TE,DAL,2015,14,,,,13,9,83,1,,,,,,1
"Evans, Mike",WR,TB,2014,15,,,,123,68,1051,12,,,,,,
"Evans, Mike",WR,TB,2015,15,,,,148,74,1206,3,,,,,,1
Ezekiel Elliott,RB,DAL,2016,15,322,1631,15,39,32,363,1,,,,,,1
"Fasano, Anthony",TE,KC,2014,15,,,,37,25,226,4,,,,,,
"Fasano, Anthony",TE,TEN,2015,16,,,,42,26,289,2,,,,,,
"Fauria, Joseph",TE,DET,2014,7,,,,12,6,74,1,,,,,,
"Fells, Daniel",TE,NYG,2014,16,,,,20,16,188,4,,,,,,1
"Fells, Daniel",TE,NYG,2015,2,,,,7,6,60,,,,,,,
"Fells, Darren",TE,ARI,2014,10,,,,12,5,71,,,,,,,
"Fells, Darren",TE,ARI,2015,14,,,,28,21,311,3,,,,,,
"Felton, Jerome",RB,MIN,2014,16,4,27,,2,0,0,,,,,,,
"Felton, Jerome",RB,BUF,2015,16,1,2,,2,2,14,,,,,,,
"Fiedorowicz, C.J.",TE,HOU,2014,15,,,,7,4,28,1,,,,,,
"Fiedorowicz, C.J.",TE,HOU,2015,16,,,,24,17,167,1,,,,,,1
Fitzgerald Toussaint,RB,PIT,2016,16,14,58,,3,3,33,,,,,,,
"Fitzgerald, Larry",WR,ARI,2014,14,,,,103,63,784,2,,,,,,1
"Fitzgerald, Larry",WR,ARI,2015,16,,,,145,109,1215,9,,,,,,2
"Fitzpatrick, Ryan",QB,HOU,2014,12,50,184,2,,,,,312,197,2483,17,8,1
"Fitzpatrick, Ryan",QB,NYJ,2015,16,60,270,2,,,,,562,335,3905,31,15,2
"Flacco, Joe",QB,BAL,2014,16,39,70,2,,,,,555,344,3986,27,12,
"Flacco, Joe",QB,BAL,2015,10,13,23,3,,,,,413,266,2791,14,12,2
"Fleener, Coby",TE,IND,2014,16,,,,92,51,774,8,,,,,,
"Fleener, Coby",TE,IND,2015,16,,,,84,54,491,3,,,,,,
"Floyd, Malcom",WR,SD,2014,16,,,,92,52,856,6,,,,,,
"Floyd, Malcom",WR,SD,2015,15,,,,68,30,561,3,,,,,,1
"Floyd, Michael",WR,ARI,2014,16,1,2,,99,47,841,6,,,,,,1
"Floyd, Michael",WR,ARI,2015,15,,,,89,52,849,6,,,,,,
"Flynn, Matt",QB,GB,2014,7,10,-10,,,,,,16,8,66,,1,1
"Foles, Nick",QB,PHI,2014,8,16,68,,,,,,312,187,2163,13,10,3
"Foles, Nick",QB,LA,2015,11,17,20,1,,,,,337,190,2052,7,10,2
"Ford, Chase",TE,MIN,2014,11,,,,35,23,258,1,,,,,,
"Forsett, Justin",RB,BAL,2014,16,235,1266,8,59,44,263,,,,,,,
"Forsett, Justin",RB,BAL,2015,10,151,641,2,41,31,153,,,,,,,
"Forte, Matt",RB,CHI,2014,16,266,1038,6,130,102,808,4,,,,,,2
"Forte, Matt",RB,CHI,2015,13,218,898,4,58,44,389,3,,,,,,1
"Foster, Arian",RB,HOU,2014,13,260,1246,8,59,38,327,5,,,,,,2
"Foster, Arian",RB,HOU,2015,4,63,163,1,28,22,227,2,,,,,,1
"Fowler, Bennie",WR,DEN,2015,16,,,,25,16,203,,,,,,,
"Fowler, Jalston",RB,TEN,2015,16,7,13,1,6,5,44,1,,,,,,
Fozzy Whittaker,RB,CAR,2016,16,57,265,,33,25,226,,,,,,,1
Frank Gore,RB,IND,2016,16,263,1025,4,47,38,277,4,,,,,,1
Freddie Martino,WR,TB,2016,13,,,,11,8,142,1,,,,,,
"Freeman, Devonta",RB,ATL,2014,16,65,248,1,38,30,225,1,,,,,,1
"Freeman, Devonta",RB,ATL,2015,15,265,1056,11,97,73,578,3,,,,,,2
"Freeman, Josh",QB,IND,2015,1,8,24,,,,,,28,15,149,1,1,
"Fuller, Corey",WR,DET,2014,16,,,,31,14,212,1,,,,,,1
"Fuller, Corey",WR,DET,2015,12,,,,9,5,83,,,,,,,1
"Funchess, Devin",WR,CAR,2015,16,,,,63,31,473,5,,,,,,1
"Gabbert, Blaine",QB,SF,2014,1,1,5,,,,,,7,3,38,1,,
"Gabbert, Blaine",QB,SF,2015,8,32,185,1,,,,,282,178,2031,10,7,1
"Gabriel, Taylor",WR,CLE,2014,16,3,2,,73,37,629,1,,,,,,
"Gabriel, Taylor",WR,CLE,2015,13,,,,48,28,241,,,,,,,1
"Garcon, Pierre",WR,WAS,2014,16,,,,105,68,752,3,,,,,,
"Garcon, Pierre",WR,WAS,2015,16,,,,111,72,777,6,,,,,,
"Garoppolo, Jimmy",QB,NE,2014,6,10,9,,,,,,27,19,182,1,,
"Garoppolo, Jimmy",QB,NE,2015,5,5,-5,,,,,,4,1,6,,,
Garrett Celek,TE,SF,2016,16,,,,50,29,350,3,,,,,,1
Gary Barnidge,TE,CLE,2016,16,,,,82,55,612,2,,,,,,
"Gaskins, Kendall",RB,SF,2015,9,16,38,,10,8,69,,,,,,,
"Gates, Antonio",TE,SD,2014,16,,,,98,69,821,12,,,,,,
"Gates, Antonio",TE,SD,2015,11,,,,85,56,630,5,,,,,,
Gavin Escobar,TE,DAL,2016,16,,,,7,4,30,1,,,,,,
Geno Smith,QB,NYJ,2016,3,2,9,,,,,,14,8,126,1,1,
Geoff Swaim,TE,DAL,2016,9,,,,8,6,69,,,,,,,
George Atkinson III,RB,CLE,2016,16,7,34,1,,,,,,,,,,
George Farmer,RB,SEA,2016,2,1,1,,3,1,4,,,,,,,
Gerald Christian,TE,BUF,2016,3,,,,2,1,14,,,,,,,
Geremy Davis,WR,LAC,2016,3,,,,2,,,,,,,,,
"Gerhart, Toby",RB,JAC,2014,14,102,326,2,24,20,186,,,,,,,1
"Gerhart, Toby",RB,JAC,2015,7,20,44,,5,3,23,,,,,,,
Geronimo Allison,WR,GB,2016,10,,,,22,12,202,2,,,,,,
"Gibson, Brandon",WR,MIA,2014,14,,,,51,29,295,1,,,,,,
"Gillislee, Mike",RB,BUF,2015,5,47,267,3,7,6,29,,,,,,,1
"Gillmore, Crockett",TE,BAL,2014,15,,,,15,10,121,1,,,,,,
"Gillmore, Crockett",TE,BAL,2015,10,,,,47,33,412,4,,,,,,
"Ginn, Ted",WR,ARI,2014,16,3,6,,26,14,190,,,,,,,
"Ginn, Ted",WR,CAR,2015,15,4,60,,97,44,739,10,,,,,,
Giovani Bernard,RB,CIN,2016,10,91,337,2,51,39,336,1,,,,,,1
"Givens, Chris",WR,STL,2014,14,1,4,,21,11,159,1,,,,,,
"Givens, Chris",WR,LA,2015,15,4,18,,54,20,353,1,,,,,,
"Glennon, Mike",QB,TB,2014,6,10,49,,,,,,203,117,1417,10,6,
Golden Tate,WR,DET,2016,16,10,4,,135,91,1077,4,,,,,,1
"Golden, Brittan",WR,ARI,2015,16,,,,1,1,5,,,,,,,
"Goodwin, Marquise",WR,BUF,2014,10,3,8,,9,1,42,,,,,,,
"Goodwin, Marquise",WR,BUF,2015,2,,,,2,2,24,,,,,,,
"Gordon, Josh",WR,CLE,2014,5,,,,47,24,303,,,,,,,
"Gordon, Melvin",RB,SD,2015,14,184,641,,37,33,192,,,,,,,4
"Gordon, Richard",TE,TEN,2014,5,,,,1,0,0,,,,,,,
"Gore, Frank",RB,SF,2014,16,255,1106,4,19,11,111,1,,,,,,2
"Gore, Frank",RB,IND,2015,16,260,967,6,58,34,267,1,,,,,,3
"Gradkowski, Bruce",QB,PIT,2014,1,2,-2,,,,,,0,0,0,,,
"Gragg, Chris",TE,BUF,2014,10,,,,10,7,48,1,,,,,,
"Gragg, Chris",TE,BUF,2015,13,,,,20,12,150,,,,,,,
"Graham, Garrett",TE,HOU,2014,11,1,0,,28,18,197,1,,,,,,
"Graham, Garrett",TE,HOU,2015,8,,,,19,4,30,1,,,,,,
"Graham, Jimmy",TE,NO,2014,16,,,,125,85,889,10,,,,,,2
"Graham, Jimmy",TE,SEA,2015,11,,,,74,48,605,2,,,,,,
"Graham, T.J.",WR,NYJ,2014,12,,,,8,3,87,1,,,,,,
"Graham, T.J.",WR,NO,2015,4,,,,4,4,24,,,,,,,
"Grant, Corey",RB,JAC,2015,6,6,2,,3,2,13,,,,,,,1
"Grant, Ryan",WR,WAS,2014,16,,,,15,7,68,,,,,,,
"Grant, Ryan",WR,WAS,2015,16,,,,42,23,268,2,,,,,,
"Gray, Cyrus",RB,KC,2014,9,8,31,1,,,,,,,,,,
"Gray, Jonas",RB,NE,2014,8,89,412,5,3,1,7,,,,,,,
"Gray, Jonas",RB,MIA,2015,8,45,176,,8,7,76,,,,,,,
"Gray, MarQueis",TE,MIN,2014,13,,,,11,9,134,,,,,,,
"Gray, MarQueis",TE,BUF,2015,4,,,,1,1,2,,,,,,,
"Green, A.J.",WR,CIN,2014,13,2,2,,116,69,1041,6,,,,,,2
"Green, A.J.",WR,CIN,2015,16,,,,132,86,1297,10,,,,,,1
"Green, Ladarius",TE,SD,2014,14,,,,25,19,226,,,,,,,
"Green, Ladarius",TE,SD,2015,13,,,,63,37,429,4,,,,,,
"Green, Virgil",TE,DEN,2014,13,2,3,,6,6,74,1,,,,,,
"Green, Virgil",TE,DEN,2015,16,,,,15,12,173,1,,,,,,
"Green-Beckham, Dorial",WR,TEN,2015,16,,,,67,32,549,4,,,,,,
"Greene, Rashad",WR,JAC,2015,9,,,,35,19,93,2,,,,,,
"Greene, Shonn",RB,TEN,2014,13,94,392,2,3,1,13,,,,,,,1
Greg Olsen,TE,CAR,2016,16,,,,129,80,1073,3,,,,,,
Greg Salas,WR,BUF,2016,2,,,,6,4,89,1,,,,,,
"Gresham, Jermaine",TE,CIN,2014,15,,,,80,62,460,5,,,,,,
"Gresham, Jermaine",TE,ARI,2015,15,,,,32,18,223,1,,,,,,
"Grice, Marion",RB,ARI,2014,10,15,41,1,11,7,29,,,,,,,
Griff Whalen,WR,LAC,2016,8,,,,4,2,22,,,,,,,
"Griffin III, Robert",QB,WAS,2014,9,38,176,1,,,,,214,147,1694,4,6,4
"Griffin, Ryan",TE,HOU,2014,16,,,,16,10,91,1,,,,,,
"Griffin, Ryan",TE,HOU,2015,9,,,,34,20,251,2,,,,,,
"Grimes, Jonathan",RB,HOU,2014,16,39,153,,8,6,86,,,,,,,
"Grimes, Jonathan",RB,HOU,2015,14,56,282,1,31,26,173,1,,,,,,
"Gronkowski, Rob",TE,NE,2014,15,,,,131,82,1124,12,,,,,,
"Gronkowski, Rob",TE,NE,2015,15,,,,120,72,1176,11,,,,,,
"Gurley, Todd",RB,LA,2015,13,229,1106,10,26,21,188,,,,,,,1
"Hagan, Derek",WR,TEN,2014,16,,,,34,19,254,1,,,,,,
Hakeem Valles,TE,ARI,2016,11,,,,2,,,,,,,,,
"Hammond Jr., Frankie",WR,KC,2014,16,,,,11,4,45,,,,,,,
"Hammond Jr., Frankie",WR,KC,2015,10,,,,,,,,,,,,,1
"Hankerson, Leonard",WR,WAS,2014,1,,,,1,0,0,,,,,,,
"Hankerson, Leonard",WR,ATL,2015,10,,,,46,27,339,3,,,,,,
"Hanna, James",TE,DAL,2014,16,,,,6,4,48,,,,,,,
"Hanna, James",TE,DAL,2015,14,,,,14,9,79,,,,,,,
"Harbor, Clay",TE,JAC,2014,13,,,,35,26,289,1,,,,,,
"Harbor, Clay",TE,JAC,2015,15,,,,20,14,149,1,,,,,,
"Hardy, Justin",WR,ATL,2015,9,,,,36,21,194,,,,,,,
"Harkey, Cory",TE,STL,2014,16,,,,11,8,55,1,,,,,,
"Harkey, Cory",TE,LA,2015,16,,,,6,5,26,,,,,,,
"Harper, Chris",WR,NE,2015,5,,,,3,1,6,,,,,,,1
"Harris, Alonzo",RB,GB,2015,6,4,19,,1,0,0,,,,,,,
"Harris, Demetrius",TE,KC,2014,8,,,,5,3,20,,,,,,,
"Harris, Demetrius",TE,KC,2015,16,,,,11,7,74,1,,,,,,
"Harris, DuJuan",RB,GB,2014,15,16,64,,2,1,11,,,,,,,
"Harris, DuJuan",RB,SEA,2015,4,48,189,,14,9,97,,,,,,,1
"Harris, Dwayne",WR,DAL,2014,16,4,7,,12,7,116,,,,,,,2
"Harris, Dwayne",WR,NYG,2015,15,2,12,,57,36,396,4,,,,,,
"Harris, Josh",RB,PIT,2014,5,9,16,,,,,,,,,,,
Harry Douglas,WR,TEN,2016,11,,,,22,15,210,,,,,,,
"Hartline, Brian",WR,MIA,2014,16,,,,63,39,474,2,,,,,,
"Hartline, Brian",WR,CLE,2015,12,,,,77,46,523,2,,,,,,
"Harvin, Percy",WR,SEA,2014,13,33,202,1,78,51,483,1,,,,,,1
"Harvin, Percy",WR,BUF,2015,5,5,31,,30,19,218,1,,,,,,
"Hasselbeck, Matt",QB,IND,2014,4,8,-11,,,,,,44,30,301,2,,1
"Hasselbeck, Matt",QB,IND,2015,8,16,15,,,,,,256,156,1690,9,5,2
"Hawkins, Andrew",WR,CLE,2014,15,3,15,,112,63,824,2,,,,,,
"Hawkins, Andrew",WR,CLE,2015,8,,,,43,27,276,,,,,,,1
"Hayne, Jarryd",RB,SF,2015,8,17,52,,7,6,27,,,,,,,1
"Hazel, Matt",WR,MIA,2015,5,,,,1,0,0,,,,,,,
"Helfet, Cooper",TE,SEA,2014,10,,,,24,12,185,2,,,,,,
"Helfet, Cooper",TE,SEA,2015,13,,,,22,13,130,,,,,,,
"Helu, Roy",RB,WAS,2014,14,40,216,1,47,42,477,2,,,,,,1
"Helu, Roy",RB,OAK,2015,9,17,39,,16,9,75,1,,,,,,
"Hemingway, Junior",WR,KC,2014,14,,,,21,12,108,,,,,,,
"Henne, Chad",QB,JAC,2014,3,4,25,,,,,,78,42,492,3,1,1
Henry Krieger-Coble,TE,DEN,2016,2,,,,1,1,13,,,,,,,
"Herndon, Javontee",WR,SD,2015,8,1,13,,33,24,195,,,,,,,1
"Herron, Dan",RB,IND,2014,16,78,351,1,26,21,173,,,,,,,2
"Herron, Dan",RB,BUF,2015,10,25,79,,10,9,47,,,,,,,
"Herron, Robert",WR,TB,2014,8,1,0,,12,6,58,1,,,,,,
"Hester, Devin",WR,ATL,2014,16,6,36,1,59,38,504,2,,,,,,1
"Hewitt, Ryan",TE,CIN,2014,16,1,0,,15,10,86,,,,,,,
"Heyward-Bey, Darrius",WR,PIT,2014,16,,,,5,3,33,,,,,,,1
"Heyward-Bey, Darrius",WR,PIT,2015,16,,,,39,21,314,2,,,,,,
"Hightower, Tim",RB,NO,2015,8,96,375,4,13,12,129,,,,,,,
"Hill, Jeremy",RB,CIN,2014,16,222,1124,9,32,27,215,,,,,,,2
"Hill, Jeremy",RB,CIN,2015,16,223,794,11,19,15,79,1,,,,,,3
"Hill, Josh",TE,NO,2014,16,,,,20,14,176,5,,,,,,
"Hill, Josh",TE,NO,2015,16,,,,30,16,120,2,,,,,,
"Hill, Shaun",QB,STL,2014,9,10,10,1,,,,,229,145,1657,8,7,1
"Hill, Shaun",QB,MIN,2015,3,4,-5,,,,,,7,2,15,,,
"Hillis, Peyton",RB,NYG,2014,9,26,115,,16,10,87,,,,,,,
"Hillman, Ronnie",RB,DEN,2014,8,106,434,3,34,21,139,1,,,,,,
"Hillman, Ronnie",RB,DEN,2015,16,207,863,7,35,24,111,,,,,,,1
"Hilton, T.Y.",WR,IND,2014,15,2,20,,131,82,1345,7,,,,,,1
"Hilton, T.Y.",WR,IND,2015,16,,,,134,69,1124,5,,,,,,
"Hogan, Chris",WR,BUF,2014,16,,,,61,41,426,4,,,,,,2
"Hogan, Chris",WR,BUF,2015,16,1,4,,59,36,450,2,,,,,,
"Holmes, Andre",WR,OAK,2014,16,,,,99,47,693,4,,,,,,
"Holmes, Andre",WR,OAK,2015,16,,,,33,14,201,4,,,,,,
"Holmes, Santonio",WR,CHI,2014,9,,,,14,8,67,,,,,,,
"Hoomanawanui, Michael",TE,NE,2014,16,,,,6,3,44,,,,,,,
"Hoomanawanui, Michael",TE,NE,2015,14,1,0,,16,11,76,3,,,,,,1
"Hopkins, DeAndre",WR,HOU,2014,16,,,,127,76,1210,6,,,,,,1
"Hopkins, DeAndre",WR,HOU,2015,16,,,,192,111,1521,11,,,,,,
"Hoskins, Gator",TE,MIA,2014,10,,,,4,3,21,,,,,,,
"Housler, Rob",TE,ARI,2014,15,1,1,,17,9,129,,,,,,,
"Housler, Rob",TE,CLE,2015,10,,,,7,4,33,,,,,,,
"Hoyer, Brian",QB,CLE,2014,14,24,39,,,,,,439,243,3334,12,13,1
"Hoyer, Brian",QB,HOU,2015,11,15,44,,,,,,369,224,2606,19,7,2
"Huff, Josh",WR,PHI,2014,12,1,7,,18,8,98,,,,,,,1
"Huff, Josh",WR,PHI,2015,15,,,,42,27,312,3,,,,,,
"Hughes, Robert",RB,ARI,2014,16,7,11,,12,8,140,,,,,,,
"Humphries, Adam",WR,TB,2015,13,,,,40,27,260,1,,,,,,
"Hunt, Akeem",RB,HOU,2015,7,17,96,,10,6,39,,,,,,,
Hunter Henry,TE,LAC,2016,15,,,,53,36,478,8,,,,,,1
"Hunter, Justin",WR,TEN,2014,12,,,,67,28,498,3,,,,,,
"Hunter, Justin",WR,TEN,2015,9,,,,31,22,264,1,,,,,,
"Hunter, Kendall",RB,NO,2015,2,1,2,,,,,,,,,,,
"Hurns, Allen",WR,JAC,2014,16,,,,97,51,677,6,,,,,,
"Hurns, Allen",WR,JAC,2015,15,,,,105,64,1031,10,,,,,,1
"Hyde, Carlos",RB,SF,2014,14,83,333,4,16,12,68,,,,,,,1
"Hyde, Carlos",RB,SF,2015,7,115,470,3,15,11,53,,,,,,,
"Hynoski, Henry",RB,NYG,2014,16,7,13,,,,,,,,,,,
Ifeanyi Momah,TE,ARI,2016,5,,,,4,2,50,,,,,,,
"Ingram, Mark",RB,NO,2014,13,226,964,9,36,29,145,,,,,,,1
"Ingram, Mark",RB,NO,2015,12,166,769,6,60,50,405,,,,,,,1
"Inman, Dontrelle",WR,SD,2014,6,,,,17,12,158,,,,,,,
"Inman, Dontrelle",WR,SD,2015,14,,,,63,35,486,3,,,,,,1
"Iosefa, Joey",RB,NE,2015,2,15,51,,,,,,,,,,,
Isaac Fruechte,WR,MIN,2016,1,,,,1,,,,,,,,,
Isaiah Burse,WR,LAC,2016,9,,,,4,,,,,,,,,
Isaiah Crowell,RB,CLE,2016,16,198,952,7,53,40,319,,,,,,,2
Isaiah Pead,RB,MIA,2016,3,8,22,,1,1,6,,,,,,,
"Ivory, Chris",RB,NYJ,2014,16,198,820,6,27,18,123,1,,,,,,1
"Ivory, Chris",RB,NYJ,2015,15,247,1070,7,37,30,217,1,,,,,,2
J.D. McKissic,RB,SEA,2016,1,1,2,,2,2,16,,,,,,,
J.J. Nelson,WR,ARI,2016,15,4,83,1,74,34,568,6,,,,,,1
Jace Amaro,TE,TEN,2016,3,,,,4,3,59,,,,,,,
Jack Doyle,TE,IND,2016,16,,,,75,59,584,5,,,,,,1
"Jackson, DeSean",WR,WAS,2014,15,4,7,,95,56,1169,6,,,,,,
"Jackson, DeSean",WR,WAS,2015,10,,,,49,30,528,4,,,,,,1
"Jackson, Fred",RB,BUF,2014,14,142,526,2,90,66,501,1,,,,,,
"Jackson, Fred",RB,SEA,2015,16,26,100,,41,32,257,2,,,,,,1
"Jackson, Steven",RB,ATL,2014,15,190,707,6,27,20,148,,,,,,,
"Jackson, Steven",RB,NE,2015,2,21,50,1,1,1,20,,,,,,,
"Jackson, Tarvaris",QB,SEA,2014,2,,,,,,,,1,1,0,,,
"Jackson, Tarvaris",QB,SEA,2015,4,8,-8,,,,,,6,4,37,,,
"Jackson, Vincent",WR,TB,2014,16,,,,142,70,1002,2,,,,,,1
"Jackson, Vincent",WR,TB,2015,10,,,,62,33,543,3,,,,,,
Jacob Tamme,TE,ATL,2016,8,,,,31,22,210,3,,,,,,
"Jacobs, Nic",TE,JAC,2014,13,,,,3,2,16,1,,,,,,
"Jacobs, Nic",TE,JAC,2015,11,,,,3,1,6,,,,,,,
Jacoby Brissett,QB,NE,2016,3,16,83,1,,,,,55,34,400,,,1
Jacquizz Rodgers,RB,TB,2016,10,129,560,2,16,13,98,,,,,,,
Jaelen Strong,WR,HOU,2016,8,,,,24,14,131,,,,,,,
Jakeem Grant,WR,MIA,2016,16,1,1,,1,,,,,,,,,1
Jalen Richard,RB,OAK,2016,16,83,491,1,39,29,194,2,,,,,,
Jalin Marshall,WR,NYJ,2016,10,,,,23,14,162,2,,,,,,2
Jalston Fowler,RB,TEN,2016,16,1,3,,2,1,14,,,,,,,
Jamaal Charles,RB,KC,2016,3,12,40,1,3,2,14,,,,,,,
Jameis Winston,QB,TB,2016,16,53,165,1,,,,,567,345,4090,28,18,6
James Develin,RB,NE,2016,16,,,,6,3,18,,,,,,,
James O'Shaughnessy,TE,KC,2016,16,,,,3,2,-1,,,,,,,
James Starks,RB,GB,2016,9,63,145,,25,19,134,2,,,,,,
James White,RB,NE,2016,16,39,166,,86,60,551,5,,,,,,
James Wright,WR,CIN,2016,13,2,-6,,19,13,106,,,,,,,
"James, Jesse",TE,PIT,2015,8,,,,11,8,56,1,,,,,,
"James, LaMichael",RB,SF,2014,3,5,9,,1,0,0,,,,,,,
"James, Mike",RB,TB,2014,11,19,37,,1,1,-5,,,,,,,
Jamison Crowder,WR,WAS,2016,16,2,-2,,99,67,847,7,,,,,,1
Jamize Olawale,RB,OAK,2016,16,17,47,2,14,12,227,1,,,,,,
"Janis, Jeff",WR,GB,2014,3,,,,2,2,16,,,,,,,
"Janis, Jeff",WR,GB,2015,16,,,,12,2,79,,,,,,,
Jared Abbrederis,WR,GB,2016,5,,,,2,1,8,,,,,,,
Jared Cook,TE,GB,2016,10,,,,51,30,377,1,,,,,,1
Jared Goff,QB,LAR,2016,8,8,16,1,,,,,205,112,1089,5,7,2
Jarius Wright,WR,MIN,2016,7,,,,14,11,67,1,,,,,,
Jaron Brown,WR,ARI,2016,7,,,,22,11,187,1,,,,,,
Jarvis Landry,WR,MIA,2016,16,5,17,,131,94,1136,4,,,,,,2
Jason Witten,TE,DAL,2016,16,,,,95,69,673,3,,,,,,1
Javorius Allen,RB,BAL,2016,8,9,34,,4,3,15,,,,,,,
Jay Ajayi,RB,MIA,2016,15,261,1272,8,35,27,151,,,,,,,1
Jay Cutler,QB,CHI,2016,5,5,24,,,,,,137,81,1059,4,5,2
Jay Prosch,RB,HOU,2016,15,4,9,,1,1,6,,,,,,,
Jeff Heuerman,TE,DEN,2016,12,,,,17,9,141,,,,,,,
Jeff Janis,WR,GB,2016,16,2,38,1,19,11,93,1,,,,,,
"Jeffery, Alshon",WR,CHI,2014,16,6,33,,145,85,1133,10,,,,,,
"Jeffery, Alshon",WR,CHI,2015,9,,,,94,54,807,4,,,,,,
"Jenkins, A.J.",WR,KC,2014,9,2,-2,,15,9,93,,,,,,,
"Jennings, Darius",WR,CLE,2015,4,,,,21,14,117,,,,,,,
"Jennings, Greg",WR,MIN,2014,16,,,,91,59,742,6,,,,,,
"Jennings, Greg",WR,MIA,2015,16,,,,36,19,208,1,,,,,,
"Jennings, Rashad",RB,NYG,2014,11,167,639,4,41,30,226,,,,,,,1
"Jennings, Rashad",RB,NYG,2015,16,195,863,3,40,29,296,1,,,,,,2
"Jensen, Marcel",TE,JAC,2014,1,,,,1,1,8,,,,,,,
Jerell Adams,TE,NYG,2016,13,,,,21,16,122,1,,,,,,
Jeremy Butler,WR,LAC,2016,4,,,,2,2,11,,,,,,,
Jeremy Hill,RB,CIN,2016,15,222,839,9,27,21,174,,,,,,,
Jeremy Kerley,WR,SF,2016,16,,,,115,64,667,3,,,,,,1
Jeremy Langford,RB,CHI,2016,12,62,200,4,27,19,142,,,,,,,2
Jeremy Maclin,WR,KC,2016,12,1,-1,,76,44,536,2,,,,,,
Jeremy Ross,WR,NYJ,2016,6,,,,4,4,37,1,,,,,,
Jerick McKinnon,RB,MIN,2016,15,159,539,2,53,43,255,2,,,,,,
Jermaine Gresham,TE,ARI,2016,16,,,,61,37,391,2,,,,,,
Jermaine Kearse,WR,SEA,2016,16,,,,89,41,510,1,,,,,,
"Jernigan, Jerrel",WR,NYG,2014,2,1,-2,,11,6,40,,,,,,,
Jerome Felton,RB,BUF,2016,15,8,13,,9,6,57,,,,,,,
Je'Ron Hamm,TE,SF,2016,6,,,,4,2,13,,,,,,,
Jesse James,TE,PIT,2016,16,,,,60,39,338,3,,,,,,
Jimmy Garoppolo,QB,NE,2016,6,10,6,,,,,,63,43,502,4,,1
Jimmy Graham,TE,SEA,2016,16,1,0,,95,65,923,6,,,,,,2
Joe Banyard,RB,JAC,2016,1,2,7,,,,,,,,,,,
Joe Flacco,QB,BAL,2016,16,21,58,2,,,,,672,436,4317,20,15,3
Joe Kerridge,RB,GB,2016,8,1,0,,,,,,,,,,,
Joe Webb,QB,CAR,2016,14,,,,,,,,,,,,,
John Brown,WR,ARI,2016,15,1,10,,73,39,517,2,,,,,,
John Kuhn,RB,NO,2016,16,18,37,4,20,16,70,1,,,,,,
John Phillips,TE,DEN,2016,16,,,,15,10,72,1,,,,,,
Johnny Holton,WR,OAK,2016,15,6,43,,3,2,34,,,,,,,1
"Johnson, Andre",WR,HOU,2014,15,,,,146,85,936,3,,,,,,3
"Johnson, Andre",WR,IND,2015,16,,,,77,41,503,4,,,,,,
"Johnson, Austin",RB,NO,2014,7,8,22,,2,2,15,1,,,,,,
"Johnson, Austin",RB,NO,2015,10,4,9,1,8,5,30,,,,,,,
"Johnson, Calvin",WR,DET,2014,13,,,,128,71,1077,8,,,,,,
"Johnson, Calvin",WR,DET,2015,16,,,,149,88,1214,9,,,,,,1
"Johnson, Charles",WR,MIN,2014,11,1,-11,,59,31,475,2,,,,,,
"Johnson, Charles",WR,MIN,2015,11,,,,13,9,127,,,,,,,
"Johnson, Chris",RB,NYJ,2014,16,155,663,1,34,24,151,1,,,,,,1
"Johnson, Chris",RB,ARI,2015,11,196,814,3,13,6,58,,,,,,,2
"Johnson, Damaris",WR,HOU,2014,16,5,19,,49,31,331,1,,,,,,
"Johnson, Damaris",WR,NE,2015,1,1,6,,,,,,,,,,,
"Johnson, David",TE,SD,2014,14,,,,1,1,4,,,,,,,
"Johnson, David",RB,ARI,2015,16,125,581,8,57,36,457,4,,,,,,1
"Johnson, David",TE,SD,2015,16,2,4,,2,1,4,,,,,,,1
"Johnson, Duke",RB,CLE,2015,16,104,379,,74,61,534,2,,,,,,
"Johnson, Josh",QB,SF,2014,1,,,,,,,,0,0,0,,,
"Johnson, Malcolm",RB,CLE,2015,12,,,,6,4,15,,,,,,,
"Johnson, Steve",WR,SF,2014,13,,,,48,35,435,3,,,,,,
"Johnson, Stevie",WR,SD,2015,10,,,,65,45,497,3,,,,,,
"Johnson, Storm",RB,JAC,2014,6,29,86,2,1,1,-4,,,,,,,
"Johnson, Will",RB,PIT,2014,16,2,0,,9,6,41,,,,,,,
"Johnson, Will",RB,PIT,2015,16,4,7,1,4,2,16,,,,,,,
Joique Bell,RB,CHI,2016,7,3,6,,1,1,-2,,,,,,,
Jonathan Grimes,RB,HOU,2016,10,23,105,,18,13,94,,,,,,,
Jonathan Stewart,RB,CAR,2016,13,218,824,9,21,8,60,,,,,,,2
Jonathan Williams,RB,BUF,2016,10,27,94,1,2,1,0,,,,,,,2
"Jones, Jacoby",WR,BAL,2014,16,3,16,,18,9,131,,,,,,,2
"Jones, Jacoby",WR,SD,2015,9,,,,,,,,,,,,,1
"Jones, James",WR,OAK,2014,16,,,,111,73,666,6,,,,,,1
"Jones, James",WR,GB,2015,16,,,,99,50,890,8,,,,,,
"Jones, Julio",WR,ATL,2014,15,1,1,,163,104,1593,6,,,,,,1
"Jones, Julio",WR,ATL,2015,16,,,,203,136,1871,8,,,,,,1
"Jones, Landry",QB,PIT,2015,7,5,-5,,,,,,55,32,513,3,4,1
"Jones, Marvin",WR,CIN,2015,16,5,33,,103,65,816,4,,,,,,
"Jones, Matt",RB,MIN,2014,3,13,45,,5,3,20,,,,,,,
"Jones, Matt",RB,WAS,2015,13,144,490,3,25,19,304,1,,,,,,4
"Jones, Seantavius",WR,NO,2015,3,,,,1,0,0,,,,,,,
"Jones, T.J.",WR,DET,2015,10,1,-3,,18,10,132,1,,,,,,1
"Jones, Taiwan",RB,OAK,2015,12,16,74,,9,7,106,1,,,,,,1
"Jones-Drew, Maurice",RB,OAK,2014,12,43,96,,16,11,71,,,,,,,
Jordan Cameron,TE,MIA,2016,3,,,,11,8,60,1,,,,,,
Jordan Howard,RB,CHI,2016,15,252,1313,6,50,29,298,1,,,,,,1
Jordan Matthews,WR,PHI,2016,14,,,,117,73,804,3,,,,,,
Jordan Norwood,WR,DEN,2016,14,1,0,,35,21,232,1,,,,,,3
Jordan Payton,WR,CLE,2016,4,,,,3,1,3,,,,,,,
Jordan Reed,TE,WAS,2016,12,,,,89,66,686,6,,,,,,1
Jordan Taylor,WR,DEN,2016,16,,,,25,16,209,2,,,,,,1
Jordan Todman,RB,IND,2016,16,9,59,,1,,,,,,,,,
Jordy Nelson,WR,GB,2016,16,,,,152,97,1257,14,,,,,,1
Josh Bellamy,WR,CHI,2016,16,4,37,,38,19,282,1,,,,,,
Josh Doctson,WR,WAS,2016,2,,,,6,2,66,,,,,,,
Josh Ferguson,RB,IND,2016,16,15,20,,26,20,136,,,,,,,
Josh Hill,TE,NO,2016,9,,,,22,15,149,1,,,,,,
Josh Huff,WR,PHI,2016,10,4,15,,23,16,113,1,,,,,,
Josh McCown,QB,CLE,2016,5,7,21,,,,,,165,90,1100,6,6,5
Joshua Perkins,TE,ATL,2016,8,,,,5,3,42,1,,,,,,
Julian Edelman,WR,NE,2016,16,12,57,,159,98,1106,3,,,,,,2
Julio Jones,WR,ATL,2016,14,,,,129,83,1409,6,,,,,,
Julius Thomas,TE,JAC,2016,9,,,,51,30,281,4,,,,,,
Justin Forsett,RB,BAL,2016,9,87,291,1,27,20,85,,,,,,,1
Justin Hardy,WR,ATL,2016,16,,,,31,21,203,4,,,,,,
Justin Hunter,WR,MIA,2016,13,,,,23,10,189,4,,,,,,
Justin Perillo,TE,GB,2016,8,,,,5,4,35,,,,,,,
"Juszczyk, Kyle",RB,BAL,2014,16,,,,27,19,182,1,,,,,,2
"Juszczyk, Kyle",RB,BAL,2015,16,2,3,,56,41,321,4,,,,,,
Juwan Thompson,RB,DEN,2016,8,8,26,1,1,,,,,,,,,
Ka'Deem Carey,RB,CHI,2016,12,32,126,,7,5,55,,,,,,,
"Kaepernick, Colin",QB,SF,2014,16,104,639,1,,,,,478,289,3369,19,10,5
"Kaepernick, Colin",QB,SF,2015,9,45,256,1,,,,,244,144,1615,6,5,1
Kalif Raymond,WR,DEN,2016,4,,,,2,,,,,,,,,1
Kamar Aiken,WR,BAL,2016,16,,,,50,29,328,1,,,,,,
Kapri Bibbs,RB,DEN,2016,12,29,129,,4,2,75,1,,,,,,
Kasen Williams,WR,SEA,2016,1,,,,1,,,,,,,,,
"Kearse, Jermaine",WR,SEA,2014,15,2,15,,69,38,537,1,,,,,,
"Kearse, Jermaine",WR,SEA,2015,16,,,,68,49,685,5,,,,,,
Keenan Allen,WR,LAC,2016,1,,,,7,6,63,,,,,,,
"Keenum, Case",QB,HOU,2014,2,10,35,,,,,,77,45,435,2,2,1
"Keenum, Case",QB,LA,2015,6,12,5,,,,,,125,76,828,4,1,2
Keith Mumphery,WR,HOU,2016,11,,,,12,10,69,,,,,,,
Keith Smith,RB,DAL,2016,16,2,5,,4,3,20,,,,,,,
"Kelce, Travis",TE,KC,2014,16,,,,87,67,862,5,,,,,,3
"Kelce, Travis",TE,KC,2015,16,,,,103,72,875,5,,,,,,2
Kellen Clemens,QB,LAC,2016,12,2,-1,,,,,,1,,,,,
Kellen Davis,TE,NYJ,2016,8,,,,1,,,,,,,,,
Kelvin Benjamin,WR,CAR,2016,16,,,,118,63,941,7,,,,,,1
Kendall Wright,WR,TEN,2016,11,1,15,,42,29,416,3,,,,,,
"Kendricks, Lance",TE,STL,2014,16,,,,38,27,259,5,,,,,,
"Kendricks, Lance",TE,LA,2015,15,,,,36,25,245,2,,,,,,
Kenjon Barner,RB,PHI,2016,13,27,129,2,11,5,42,,,,,,,
Kenneth Dixon,RB,BAL,2016,12,88,382,2,41,30,162,1,,,,,,
Kenneth Farrow,RB,LAC,2016,13,60,192,,16,13,70,,,,,,,1
Kenny Britt,WR,LAR,2016,15,,,,111,68,1002,5,,,,,,1
Kenny Stills,WR,MIA,2016,16,,,,81,42,726,9,,,,,,
Kenyan Drake,RB,MIA,2016,16,33,179,2,10,9,46,,,,,,,
"Kerley, Jeremy",WR,NYJ,2014,16,4,86,,75,38,409,1,,,,,,
"Kerley, Jeremy",WR,NYJ,2015,16,,,,26,16,152,2,,,,,,
Kerwynn Williams,RB,ARI,2016,10,18,157,2,2,1,6,,,,,,,
Kevin Hogan,QB,CLE,2016,4,8,105,1,,,,,26,14,104,,2,
Kevin White,WR,CHI,2016,5,1,9,,36,19,187,,,,,,,
Khari Lee,TE,DET,2016,8,,,,1,,,,,,,,,
Khiry Robinson,RB,NYJ,2016,1,8,22,,,,,,,,,,,1
"King, Tavarres",WR,TB,2014,2,,,,3,2,13,,,,,,,
Kirk Cousins,QB,WAS,2016,16,34,96,4,,,,,606,406,4917,25,12,3
Knile Davis,RB,KC,2016,11,18,28,,7,5,25,,,,,,,
"Krause, Jonathan",WR,PHI,2015,2,,,,4,2,11,,,,,,,
"Kroft, Tyler",TE,CIN,2015,16,,,,15,11,129,1,,,,,,
"Kuhn, John",RB,GB,2014,16,24,85,1,4,4,23,,,,,,,
"Kuhn, John",RB,GB,2015,16,9,28,2,10,6,56,,,,,,,
Kyle Juszczyk,RB,BAL,2016,16,5,22,1,49,37,266,,,,,,,
Kyle Rudolph,TE,MIN,2016,16,,,,132,83,840,7,,,,,,
"LaCosse, Matt",TE,NYG,2015,2,,,,3,3,22,,,,,,,
"Lacy, Eddie",RB,GB,2014,16,246,1139,9,55,42,427,4,,,,,,2
"Lacy, Eddie",RB,GB,2015,15,187,758,3,28,20,188,2,,,,,,2
Ladarius Green,TE,PIT,2016,6,,,,34,18,304,1,,,,,,
"LaFell, Brandon",WR,NE,2014,16,2,13,,119,74,953,7,,,,,,1
"LaFell, Brandon",WR,NE,2015,11,2,9,,74,37,515,,,,,,,
Lamar Miller,RB,HOU,2016,14,268,1073,5,39,31,188,1,,,,,,1
Lance Dunbar,RB,DAL,2016,13,9,31,1,24,16,122,,,,,,,
Lance Kendricks,TE,LAR,2016,16,,,,87,50,499,2,,,,,,1
Landry Jones,QB,PIT,2016,8,6,-4,,,,,,86,53,558,4,2,
"Landry, Jarvis",WR,MIA,2014,16,2,-4,,112,84,758,5,,,,,,4
"Landry, Jarvis",WR,MIA,2015,16,18,113,1,166,110,1157,4,,,,,,
"Lane, Jorvorskie",RB,TB,2014,9,3,58,,1,1,3,,,,,,,
"Lane, Jorvorskie",RB,TB,2015,16,1,0,,2,2,13,,,,,,,
"Langford, Jeremy",RB,CHI,2015,16,148,537,6,42,22,279,1,,,,,,
Laquon Treadwell,WR,MIN,2016,9,,,,3,1,15,,,,,,,
Larry Donnell,TE,NYG,2016,14,,,,22,15,92,1,,,,,,1
Larry Fitzgerald,WR,ARI,2016,16,2,5,,150,107,1023,6,,,,,,1
Latavius Murray,RB,OAK,2016,14,195,788,12,43,33,264,,,,,,,1
"Latimer, Cody",WR,DEN,2014,8,,,,4,2,23,,,,,,,
"Latimer, Cody",WR,DEN,2015,14,2,1,,11,6,59,1,,,,,,
Lee Smith,TE,OAK,2016,4,,,,6,6,29,,,,,,,
"Lee, Khari",TE,CHI,2015,16,,,,3,1,7,,,,,,,
"Lee, Marqise",WR,JAC,2014,13,3,9,,68,37,422,1,,,,,,
"Lee, Marqise",WR,JAC,2015,10,5,38,,32,15,191,1,,,,,,
LeGarrette Blount,RB,NE,2016,16,299,1161,18,8,7,38,,,,,,,1
"Leonard, Brian",RB,NO,2014,1,,,,1,1,15,,,,,,,
"Leonhardt, Brian",TE,OAK,2014,12,,,,8,6,35,1,,,,,,
Leonte Carroo,WR,MIA,2016,14,,,,6,3,29,1,,,,,,
LeSean McCoy,RB,BUF,2016,15,234,1267,13,57,50,356,1,,,,,,
Le'Veon Bell,RB,PIT,2016,12,261,1268,7,94,75,616,2,,,,,,1
Levine Toilolo,TE,ATL,2016,16,,,,19,13,264,2,,,,,,
"Lewis, Dion",RB,NE,2015,7,49,234,2,50,36,388,2,,,,,,1
"Lewis, Marcedes",TE,JAC,2014,8,,,,29,18,206,2,,,,,,
"Lewis, Marcedes",TE,JAC,2015,16,,,,37,16,226,,,,,,,
"Lindley, Ryan",QB,ARI,2014,3,,,,,,,,93,45,562,2,4,
"Lindley, Ryan",QB,IND,2015,1,,,,,,,,10,6,58,1,,
"Line, Zach",RB,MIN,2015,16,6,10,2,9,6,95,1,,,,,,
"Little, Greg",WR,CIN,2014,6,,,,12,6,69,,,,,,,
"Lloyd, Brandon",WR,SF,2014,14,,,,35,14,294,1,,,,,,
"Locker, Jake",QB,TEN,2014,7,22,142,1,,,,,146,86,993,5,7,1
"Lockett, Tyler",WR,SEA,2015,16,5,20,,69,51,664,6,,,,,,1
"Lockette, Ricardo",WR,SEA,2014,16,1,2,,15,11,195,2,,,,,,
"Lockette, Ricardo",WR,SEA,2015,8,,,,7,4,69,1,,,,,,
Logan Paulsen,TE,CHI,2016,16,,,,10,3,15,,,,,,,
Lorenzo Taliaferro,RB,BAL,2016,3,1,0,,3,3,10,,,,,,,
"Lorig, Erik",RB,NO,2014,10,3,4,,10,9,27,1,,,,,,1
"Luck, Andrew",QB,IND,2014,16,64,273,3,,,,,616,380,4761,40,16,6
"Luck, Andrew",QB,IND,2015,7,33,196,,,,,,293,162,1881,15,12,1
Lucky Whitehead,WR,DAL,2016,15,10,82,,3,3,48,,,,,,,1
Luke Stocker,TE,TB,2016,12,,,,8,5,23,,,,,,,
Luke Willson,TE,SEA,2016,11,,,,21,15,129,2,,,,,,
"Lynch, Marshawn",RB,SEA,2014,16,280,1306,13,48,37,367,4,,,,,,2
"Lynch, Marshawn",RB,SEA,2015,7,111,417,3,21,13,80,,,,,,,
Mack Brown,RB,WAS,2016,9,8,82,1,1,1,-2,,,,,,,
"Maclin, Jeremy",WR,PHI,2014,16,,,,143,85,1318,10,,,,,,
"Maclin, Jeremy",WR,KC,2015,15,3,14,,124,87,1088,8,,,,,,1
"Maehl, Jeff",WR,PHI,2014,8,,,,5,5,46,,,,,,,
"Magee, Terrence",RB,BAL,2015,3,2,5,,1,1,2,,,,,,,
Malcolm Brown,RB,LAR,2016,16,18,39,,3,3,46,,,,,,,1
Malcolm Johnson,RB,CLE,2016,7,1,2,,7,5,44,,,,,,,1
Malcolm Mitchell,WR,NE,2016,14,,,,48,32,401,4,,,,,,
"Mallett, Ryan",QB,HOU,2014,3,6,-2,,,,,,75,41,400,2,2,
"Mallett, Ryan",QB,HOU,2015,8,5,15,1,,,,,244,136,1336,5,6,
"Maneri, Steve",TE,NE,2014,1,,,,1,0,0,,,,,,,
"Manning, Eli",QB,NYG,2014,16,12,31,1,,,,,601,379,4410,30,14,4
"Manning, Eli",QB,NYG,2015,16,20,61,,,,,,618,387,4436,35,14,4
"Manning, Peyton",QB,DEN,2014,16,24,-24,,,,,,597,395,4727,39,15,2
"Manning, Peyton",QB,DEN,2015,10,6,-6,,,,,,331,198,2249,9,17,
"Mannion, Sean",QB,LA,2015,1,,,,,,,,7,6,31,,,
"Manuel, EJ",QB,BUF,2014,5,16,52,1,,,,,131,76,838,5,3,
"Manuel, EJ",QB,BUF,2015,7,17,64,1,,,,,84,52,561,3,3,1
"Manziel, Johnny",QB,CLE,2014,5,9,29,1,,,,,35,18,175,,2,
"Manziel, Johnny",QB,CLE,2015,10,37,230,,,,,,223,129,1500,7,5,3
Marc Mariani,WR,TEN,2016,16,1,15,,,,,,,,,,,
Marcedes Lewis,TE,JAC,2016,11,,,,30,20,169,1,,,,,,
Marcel Reece,RB,SEA,2016,4,2,0,,5,5,73,,,,,,,
Marcus Mariota,QB,TEN,2016,15,60,349,2,,,,,451,276,3426,26,9,5
Marcus Murphy,RB,NO,2016,3,,,,1,1,3,,,,,,,
"Mariani, Marc",WR,CHI,2015,16,,,,33,22,300,,,,,,,1
"Mariota, Marcus",QB,TEN,2015,12,34,252,2,,,,,370,230,2818,19,10,6
Mark Ingram,RB,NO,2016,16,205,1043,6,58,46,319,4,,,,,,2
Mark Sanchez,QB,DAL,2016,2,4,-2,,,,,,18,10,93,,2,
Markus Wheaton,WR,PIT,2016,3,,,,9,4,51,1,,,,,,
Marqise Lee,WR,JAC,2016,16,6,35,,105,63,851,3,,,,,,1
MarQueis Gray,TE,MIA,2016,16,,,,17,14,174,,,,,,,
Marquess Wilson,WR,CHI,2016,3,,,,16,9,160,1,,,,,,
"Marquez, Bradley",WR,LA,2015,16,,,,22,14,88,,,,,,,1
Marquise Goodwin,WR,BUF,2016,15,,,,68,29,431,3,,,,,,
"Marshall, Brandon",WR,CHI,2014,13,,,,106,61,721,8,,,,,,1
"Marshall, Brandon",WR,NYJ,2015,16,,,,173,109,1502,14,,,,,,2
Martellus Bennett,TE,NE,2016,16,2,10,,73,55,701,7,,,,,,
"Martin, Doug",RB,TB,2014,11,135,494,2,20,13,64,,,,,,,
"Martin, Doug",RB,TB,2015,16,288,1402,6,44,33,271,1,,,,,,5
"Martin, Keshawn",WR,HOU,2014,16,,,,12,6,78,,,,,,,
"Martin, Keshawn",WR,NE,2015,9,1,6,,37,24,269,2,,,,,,1
"Martino, Freddie",WR,ATL,2014,1,,,,1,0,0,,,,,,,
Marvin Jones Jr.,WR,DET,2016,15,1,3,,103,55,930,4,,,,,,
"Mason, Tre",RB,STL,2014,12,179,765,4,26,16,148,1,,,,,,1
"Mason, Tre",RB,LA,2015,13,75,207,1,25,18,88,,,,,,,1
"Mathews, Ryan",RB,SD,2014,6,75,328,3,10,9,69,,,,,,,
"Mathews, Ryan",RB,PHI,2015,13,107,539,6,28,20,146,1,,,,,,3
Matt Asiata,RB,MIN,2016,16,121,402,6,38,32,263,,,,,,,1
Matt Barkley,QB,CHI,2016,7,7,2,,,,,,216,129,1611,8,14,2
Matt Cassel,QB,TEN,2016,4,4,3,,,,,,51,30,284,2,2,
Matt Forte,RB,NYJ,2016,14,218,813,7,43,30,263,1,,,,,,1
Matt Jones,RB,WAS,2016,7,99,460,3,8,8,73,,,,,,,2
Matt Lengel,TE,NE,2016,6,,,,3,2,22,1,,,,,,
Matt McGloin,QB,OAK,2016,4,3,-3,,,,,,15,8,50,,,
Matt Moore,QB,MIA,2016,5,1,-1,,,,,,87,55,721,8,3,
Matt Ryan,QB,ATL,2016,16,35,117,,,,,,534,373,4944,38,7,2
Matt Schaub,QB,ATL,2016,5,2,-2,,,,,,3,1,16,,,
Matthew Mulligan,TE,DET,2016,8,,,,1,1,8,,,,,,,
Matthew Slater,WR,NE,2016,13,1,5,,1,,,,,,,,,1
Matthew Stafford,QB,DET,2016,16,37,207,2,,,,,594,388,4327,24,10,2
"Matthews, Chris",WR,SEA,2015,13,,,,25,13,151,1,,,,,,
"Matthews, Jordan",WR,PHI,2014,16,,,,103,67,872,8,,,,,,
"Matthews, Jordan",WR,PHI,2015,16,,,,126,85,997,8,,,,,,1
"Matthews, Rishard",WR,MIA,2014,14,1,3,,22,12,135,2,,,,,,
"Matthews, Rishard",WR,MIA,2015,11,1,4,,61,43,662,4,,,,,,
Maurice Harris,WR,WAS,2016,10,,,,12,8,66,,,,,,,
"Mayle, Vince",WR,DAL,2015,1,,,,1,0,0,,,,,,,
"McBride, Tre",WR,TEN,2015,7,1,8,,4,2,8,1,,,,,,
"McCarron, A.J.",QB,CIN,2015,7,14,31,,,,,,119,79,854,6,2,1
"McCluster, Dexter",RB,TEN,2014,14,40,131,,36,26,197,1,,,,,,1
"McCluster, Dexter",RB,TEN,2015,12,55,247,1,41,31,260,1,,,,,,2
"McCown, Josh",QB,TB,2014,11,25,127,3,,,,,327,184,2206,11,14,4
"McCown, Josh",QB,CLE,2015,8,20,98,1,,,,,292,186,2109,12,4,6
"McCown, Luke",QB,NO,2014,16,,,,,,,,0,0,0,,,
"McCown, Luke",QB,NO,2015,8,,,,,,,,39,32,335,,1,
"McCoy, Colt",QB,WAS,2014,5,16,66,1,,,,,128,91,1057,4,3,1
"McCoy, Colt",QB,WAS,2015,1,3,-3,,,,,,11,7,128,1,,
"McCoy, LeSean",RB,PHI,2014,16,315,1319,5,38,29,155,,,,,,,3
"McCoy, LeSean",RB,BUF,2015,12,203,895,3,50,32,292,2,,,,,,2
"McDonald, Vance",TE,SF,2014,8,,,,8,2,30,,,,,,,1
"McDonald, Vance",TE,SF,2015,14,,,,46,30,326,3,,,,,,
"McFadden, Darren",RB,OAK,2014,16,155,534,2,56,36,212,,,,,,,1
"McFadden, Darren",RB,DAL,2015,16,239,1089,3,53,40,328,,,,,,,3
"McGloin, Matthew",QB,OAK,2014,1,2,3,,,,,,19,12,129,1,2,
"McGloin, Matthew",QB,OAK,2015,2,,,,,,,,32,23,142,2,1,1
"McKinnon, Jerick",RB,MIN,2014,11,113,538,,41,27,135,,,,,,,
"McKinnon, Jerick",RB,MIN,2015,16,52,271,2,29,21,173,1,,,,,,
"McKnight, Joe",RB,KC,2014,2,1,3,,7,6,64,2,,,,,,
"Meachem, Robert",WR,NO,2014,11,,,,21,7,114,,,,,,,
Melvin Gordon,RB,LAC,2016,13,254,997,10,57,41,419,2,,,,,,2
"Meredith, Cameron",WR,CHI,2015,11,,,,16,11,120,,,,,,,
"Mettenberger, Zach",QB,TEN,2014,7,5,4,,,,,,179,107,1412,8,7,2
"Mettenberger, Zach",QB,TEN,2015,7,9,8,1,,,,,166,101,935,4,7,2
Michael Burton,RB,DET,2016,15,,,,1,,,,,,,,,
Michael Campanaro,WR,BAL,2016,3,3,72,,1,,,,,,,,,
Michael Crabtree,WR,OAK,2016,16,,,,145,89,1003,8,,,,,,
Michael Floyd,WR,ARI,2016,15,,,,76,37,488,5,,,,,,
Michael Thomas,WR,NO,2016,15,,,,121,92,1137,9,,,,,,2
"Michael, Christine",RB,SEA,2014,10,34,175,,2,1,12,,,,,,,
"Michael, Christine",RB,DAL,2015,8,54,243,,6,3,16,,,,,,,
Mike Davis,RB,SF,2016,8,19,50,1,5,3,25,,,,,,,1
Mike Evans,WR,TB,2016,16,,,,173,96,1321,12,,,,,,
Mike Gillislee,RB,BUF,2016,15,101,577,8,11,9,50,1,,,,,,
Mike Glennon,QB,TB,2016,2,,,,,,,,11,10,75,1,,
Mike James,RB,TB,2016,4,4,19,,4,4,22,,,,,,,
Mike Thomas,WR,LAR,2016,15,,,,9,3,37,,,,,,,1
Mike Tolbert,RB,CAR,2016,16,35,114,,15,10,72,1,,,,,,
Mike Wallace,WR,BAL,2016,16,5,31,,116,72,1017,4,,,,,,
"Miller, Bruce",RB,SF,2014,16,6,9,,25,18,189,2,,,,,,1
"Miller, Bruce",RB,SF,2015,16,6,14,1,14,10,135,,,,,,,
"Miller, Heath",TE,PIT,2014,16,,,,91,66,761,3,,,,,,1
"Miller, Heath",TE,PIT,2015,15,1,2,,81,60,535,2,,,,,,
"Miller, Lamar",RB,MIA,2014,16,216,1099,8,52,38,275,1,,,,,,3
"Miller, Lamar",RB,MIA,2015,16,194,872,8,57,47,397,2,,,,,,1
"Miller, Zach",TE,SEA,2014,3,,,,7,6,76,,,,,,,
"Miller, Zach",TE,CHI,2015,15,,,,46,34,439,5,,,,,,
"Moeaki, Tony",TE,SEA,2014,6,,,,13,8,134,1,,,,,,
"Moeaki, Tony",TE,ATL,2015,10,,,,5,3,58,1,,,,,,
Mohamed Sanu,WR,ATL,2016,15,1,5,,81,59,653,4,,,,,,1
"Moncrief, Donte",WR,IND,2014,16,4,17,,49,32,444,3,,,,,,
"Moncrief, Donte",WR,IND,2015,16,,,,105,64,733,6,,,,,,
"Montgomery, Ty",WR,GB,2015,6,3,14,,19,15,136,2,,,,,,
"Moore, Denarius",WR,OAK,2014,10,1,1,,27,12,115,,,,,,,1
"Moore, Kellen",QB,DAL,2015,3,2,-1,,,,,,104,61,779,4,6,1
"Moore, Lance",WR,PIT,2014,14,,,,26,14,198,2,,,,,,
"Moore, Lance",WR,DET,2015,14,,,,43,29,337,4,,,,,,1
"Moore, Marlon",WR,CLE,2015,14,,,,10,7,81,1,,,,,,
"Moore, Matt",QB,MIA,2014,2,2,-2,,,,,,4,2,21,,,
"Moore, Matt",QB,MIA,2015,1,3,-2,,,,,,1,1,14,,,
"Moreno, Knowshon",RB,MIA,2014,3,31,148,1,1,1,8,,,,,,,
"Morgan, Joseph",WR,NO,2014,5,1,67,,10,4,92,,,,,,,
"Morgan, Josh",WR,CHI,2014,14,2,30,,19,10,70,1,,,,,,
"Morris, Alfred",RB,WAS,2014,16,265,1074,8,26,17,155,,,,,,,
"Morris, Alfred",RB,WAS,2015,16,202,751,1,13,10,55,,,,,,,
"Moss, Santana",WR,WAS,2014,9,,,,15,10,116,,,,,,,
"Mostert, Raheem",RB,MIA,2015,11,,,,,,,,,,,,,1
"Mulligan, Matthew",TE,BUF,2015,12,,,,1,1,2,,,,,,,
"Mumphery, Keith",WR,HOU,2015,16,,,,32,14,129,,,,,,,
"Murphy, Louis",WR,TB,2014,11,,,,56,31,380,2,,,,,,
"Murphy, Louis",WR,TB,2015,6,,,,18,10,198,,,,,,,
"Murphy, Marcus",RB,NO,2015,13,1,0,,,,,,,,,,,1
"Murray, DeMarco",RB,DAL,2014,16,393,1845,13,64,57,416,,,,,,,5
"Murray, DeMarco",RB,PHI,2015,15,193,702,6,55,44,322,1,,,,,,2
"Murray, Latavius",RB,OAK,2014,15,82,424,2,23,17,143,,,,,,,
"Murray, Latavius",RB,OAK,2015,16,266,1066,6,53,41,232,,,,,,,1
Mychal Rivera,TE,OAK,2016,13,,,,25,18,192,1,,,,,,
MyCole Pruitt,TE,MIN,2016,4,,,,2,2,13,,,,,,,
"Myers, Brandon",TE,TB,2014,14,,,,32,22,190,,,,,,,
"Myers, Brandon",TE,TB,2015,11,,,,17,12,127,,,,,,,
"Nassib, Ryan",QB,NYG,2014,4,2,-3,,,,,,5,4,60,,,
"Nassib, Ryan",QB,NYG,2015,1,,,,,,,,5,5,68,1,,
Neal Sterling,TE,JAC,2016,10,,,,16,12,110,,,,,,,
Nelson Agholor,WR,PHI,2016,15,5,14,,69,36,365,2,,,,,,
"Nelson, David",WR,NYJ,2014,6,,,,16,8,65,,,,,,,
"Nelson, J.J.",WR,ARI,2015,11,1,0,,27,11,299,2,,,,,,1
"Nelson, Jordy",WR,GB,2014,16,,,,151,98,1519,13,,,,,,
"Newton, Cam",QB,CAR,2014,14,103,539,5,,,,,448,262,3127,18,12,5
"Newton, Cam",QB,CAR,2015,16,132,636,10,,,,,496,296,3837,35,10,4
Nick Boyle,TE,BAL,2016,6,,,,6,6,44,,,,,,,
Nick Foles,QB,KC,2016,3,4,-4,,,,,,55,36,410,3,,
Nick O'Leary,TE,BUF,2016,16,,,,14,9,114,,,,,,,
Nick Vannett,TE,SEA,2016,8,,,,4,3,32,,,,,,,
Nick Williams,WR,ATL,2016,2,,,,7,5,59,,,,,,,
"Nicks, Hakeem",WR,IND,2014,16,,,,68,38,405,4,,,,,,
"Nicks, Hakeem",WR,NYG,2015,6,,,,14,7,54,,,,,,,
"Niklas, Troy",TE,ARI,2014,7,,,,4,3,38,,,,,,,
"Niklas, Troy",TE,ARI,2015,16,,,,4,4,33,2,,,,,,
Niles Paul,TE,WAS,2016,8,,,,2,2,27,,,,,,,
"Nix, Roosevelt",RB,PIT,2015,15,,,,3,2,16,,,,,,,
"Norwood, Jordan",WR,DEN,2015,12,,,,32,22,207,,,,,,,
"Norwood, Kevin",WR,SEA,2014,9,,,,10,9,102,,,,,,,
"Norwood, Kevin",WR,CAR,2015,1,,,,1,0,0,,,,,,,
Odell Beckham Jr,WR,NYG,2016,16,1,9,,169,101,1367,10,,,,,,1
"Ogbonnaya, Chris",RB,CAR,2014,7,14,50,1,1,0,0,,,,,,,
"Ogletree, Kevin",WR,NYG,2014,7,,,,9,5,50,,,,,,,
"Olawale, Jamize",RB,OAK,2014,16,2,0,,6,5,18,2,,,,,,
"Olawale, Jamize",RB,OAK,2015,14,24,110,1,11,9,84,,,,,,,
"O'Leary, Nick",TE,BUF,2015,4,,,,3,1,37,,,,,,,
"Oliver, Branden",RB,SD,2014,14,160,582,3,45,36,271,1,,,,,,
"Oliver, Branden",RB,SD,2015,8,31,108,,15,13,112,,,,,,,
"Olsen, Greg",TE,CAR,2014,16,,,,123,84,1008,6,,,,,,
"Olsen, Greg",TE,CAR,2015,16,,,,124,77,1104,7,,,,,,1
Orleans Darkwa,RB,NYG,2016,10,30,111,2,4,2,12,,,,,,,
"Orlovsky, Dan",QB,DET,2015,3,,,,,,,,40,22,201,1,1,
"Orton, Kyle",QB,BUF,2014,12,15,14,1,,,,,447,287,3018,18,10,3
"Osgood, Kassim",WR,SF,2014,13,,,,1,0,0,,,,,,,
"O'Shaughnessy, James",TE,KC,2015,7,,,,9,6,87,,,,,,,
"Osweiler, Brock",QB,DEN,2014,4,8,0,,,,,,10,4,52,1,,
"Osweiler, Brock",QB,DEN,2015,9,21,61,1,,,,,275,170,1967,10,6,1
"Owusu, Chris",WR,TB,2014,8,1,23,1,6,6,78,1,,,,,,
"Owusu, Chris",WR,NYJ,2015,3,,,,13,7,87,,,,,,,
"Palmer, Carson",QB,ARI,2014,6,8,25,,,,,,224,141,1626,11,3,1
"Palmer, Carson",QB,ARI,2015,16,25,24,1,,,,,537,342,4671,35,11,2
"Palmer, Jordan",QB,TEN,2014,1,1,-1,,,,,,3,1,7,,,
"Palmer, Michael",TE,PIT,2014,15,,,,2,1,1,1,,,,,,
"Parker, Brian",TE,KC,2015,10,,,,2,1,6,,,,,,,
"Parker, DeVante",WR,MIA,2015,15,,,,50,26,494,3,,,,,,
"Parker, Preston",WR,NYG,2014,16,,,,56,36,418,2,,,,,,1
"Parker, Preston",WR,NYG,2015,2,,,,12,5,43,,,,,,,
"Parmele, Jalen",RB,ARI,2014,1,1,0,,,,,,,,,,,
"Pascoe, Bear",TE,ATL,2014,16,,,,2,2,3,1,,,,,,
Patrick DiMarco,RB,ATL,2016,16,,,,10,7,52,1,,,,,,
"Patterson, Cordarrelle",WR,MIN,2014,16,10,117,1,67,33,384,1,,,,,,1
"Patterson, Cordarrelle",WR,MIN,2015,16,2,15,,2,2,10,,,,,,,1
"Patton, Quinton",WR,SF,2014,4,1,20,,8,3,44,,,,,,,1
"Patton, Quinton",WR,SF,2015,16,1,5,,57,30,394,1,,,,,,
"Patton, Solomon",WR,TB,2014,7,1,19,,,,,,,,,,,
Paul Lasike,RB,CHI,2016,10,3,8,,1,1,3,,,,,,,
Paul McRoberts,WR,LAR,2016,2,,,,1,1,6,,,,,,,
Paul Perkins,RB,NYG,2016,14,112,456,,24,15,162,,,,,,,
Paul Richardson,WR,SEA,2016,15,1,5,,36,21,288,1,,,,,,
Paul Turner,WR,PHI,2016,4,,,,14,9,126,,,,,,,
"Paul, Niles",TE,WAS,2014,16,,,,52,39,507,1,,,,,,1
"Paulsen, Logan",TE,WAS,2014,16,,,,16,13,78,1,,,,,,1
Paxton Lynch,QB,DEN,2016,3,11,25,,,,,,83,49,497,2,1,
"Pead, Isaiah",RB,LA,2015,2,2,3,,,,,,,,,,,1
"Peerman, Cedric",RB,CIN,2014,16,15,43,,5,3,27,,,,,,,
Percy Harvin,WR,BUF,2016,2,1,11,,4,2,6,,,,,,,
"Perillo, Justin",TE,GB,2015,9,,,,13,11,102,1,,,,,,
"Perry, Senorise",RB,CHI,2014,16,,,,1,1,-1,,,,,,,
"Peterson, Adrian",RB,MIN,2014,1,21,75,,3,2,18,,,,,,,
"Peterson, Adrian",RB,MIN,2015,16,327,1485,11,36,30,222,,,,,,,3
"Pettigrew, Brandon",TE,DET,2014,14,,,,15,10,70,,,,,,,
"Pettigrew, Brandon",TE,DET,2015,8,,,,15,7,67,1,,,,,,
"Pettis, Austin",WR,STL,2014,5,,,,18,12,118,1,,,,,,
Peyton Barber,RB,TB,2016,15,55,223,1,6,5,28,,,,,,,
Pharoh Cooper,WR,LAR,2016,10,,,,20,14,106,,,,,,1,
Philip Rivers,QB,LAC,2016,16,14,35,,,,,,578,349,4386,33,21,5
Phillip Dorsett,WR,IND,2016,15,2,10,,59,33,528,2,,,,,,
Phillip Supernaw,TE,TEN,2016,15,,,,5,4,62,,,,,,,
"Phillips, John",TE,SD,2014,16,,,,1,1,1,1,,,,,,
"Phillips, John",TE,SD,2015,16,,,,11,10,69,1,,,,,,
Philly Brown,WR,CAR,2016,16,2,6,,53,27,276,1,,,,,,1
"Pierce, Bernard",RB,BAL,2014,13,93,366,2,6,2,13,,,,,,,1
"Pierce, Bernard",RB,JAC,2015,7,6,11,,5,3,7,,,,,,,
Pierre Garcon,WR,WAS,2016,16,,,,114,79,1041,3,,,,,,
"Pitta, Dennis",TE,BAL,2014,3,,,,22,16,125,,,,,,,
"Polk, Chris",RB,PHI,2014,14,46,172,4,3,2,16,,,,,,,
"Polk, Chris",RB,HOU,2015,15,99,334,1,28,16,109,1,,,,,,
"Ponder, Christian",QB,MIN,2014,2,4,16,1,,,,,44,22,222,,2,
"Poole, Tauren",RB,CAR,2014,1,1,0,,,,,,,,,,,1
"Posey, DeVier",WR,HOU,2014,1,,,,1,1,30,,,,,,,
"Powell, Bilal",RB,NYJ,2014,15,33,141,1,15,11,92,,,,,,,
"Powell, Bilal",RB,NYJ,2015,11,70,313,1,63,47,388,2,,,,,,
"Prosch, Jay",RB,HOU,2014,16,,,,4,1,24,,,,,,,
"Prosch, Jay",RB,HOU,2015,16,6,33,,1,0,0,,,,,,,
"Pruitt, MyCole",TE,MIN,2015,16,,,,16,10,89,,,,,,,
"Pryor, Terrelle",WR,CLE,2015,3,1,-1,,8,1,42,,,,,,,
Quan Bray,WR,IND,2016,6,1,7,,4,3,36,,,,,,,
"Quarless, Andrew",TE,GB,2014,16,,,,46,29,323,3,,,,,,
"Quarless, Andrew",TE,GB,2015,5,,,,5,4,31,,,,,,,
"Quick, Brian",WR,STL,2014,7,,,,39,25,375,3,,,,,,
"Quick, Brian",WR,LA,2015,13,,,,32,10,102,,,,,,,
Quincy Enunwa,WR,NYJ,2016,16,1,12,,105,58,857,4,,,,,,
Quinton Patton,WR,SF,2016,14,,,,63,37,408,,,,,,,
Raheem Mostert,RB,CHI,2016,3,1,6,,,,,,,,,,,
"Rainey, Bobby",RB,TB,2014,15,94,406,1,45,33,315,1,,,,,,3
"Rainey, Bobby",RB,TB,2015,16,5,18,,3,3,16,,,,,,,1
Randall Cobb,WR,GB,2016,13,10,33,,84,60,610,4,,,,,,
Randall Telfer,TE,CLE,2016,14,,,,7,2,4,,,,,,,
"Randle, Joseph",RB,DAL,2014,16,51,343,3,5,4,23,,,,,,,2
"Randle, Joseph",RB,DAL,2015,6,76,313,4,10,10,87,,,,,,,
"Randle, Rueben",WR,NYG,2014,16,,,,127,71,938,3,,,,,,
"Randle, Rueben",WR,NYG,2015,16,,,,90,57,797,8,,,,,,
Rashad Greene Sr.,WR,JAC,2016,8,,,,8,5,32,,,,,,,1
Rashad Jennings,RB,NYG,2016,13,181,593,3,42,35,201,1,,,,,,
Rashad Ross,WR,WAS,2016,5,,,,1,1,8,,,,,,,
Rashard Higgins,WR,CLE,2016,16,,,,12,6,77,,,,,,,
"Rawls, Thomas",RB,SEA,2015,13,147,830,4,11,9,76,1,,,,,,1
"Reaves, Darrin",RB,CAR,2014,6,32,77,,8,5,31,,,,,,,
"Redd, Silas",RB,WAS,2014,14,16,75,1,10,8,107,,,,,,,
"Reece, Marcel",RB,OAK,2014,15,21,85,,59,37,265,1,,,,,,1
"Reece, Marcel",RB,OAK,2015,15,10,36,,37,30,269,3,,,,,,
"Reed, Jordan",TE,WAS,2014,11,,,,65,50,465,,,,,,,1
"Reed, Jordan",TE,WAS,2015,14,,,,114,88,960,11,,,,,,2
Reggie Bush,RB,BUF,2016,13,12,-3,1,10,7,90,,,,,,,
"Renfree, Sean",QB,ATL,2015,2,1,-4,,,,,,7,3,11,,1,
Rex Burkhead,RB,CIN,2016,16,74,344,2,20,17,145,,,,,,,1
"Reynolds, Chase",RB,LA,2015,13,,,,,,,,,,,,,
Rhett Ellison,TE,MIN,2016,15,1,1,1,14,9,57,,,,,,,
Ricardo Louis,WR,CLE,2016,16,,,,36,18,205,,,,,,,
Richard Rodgers,TE,GB,2016,16,,,,47,30,271,2,,,,,,
"Richardson, Paul",WR,SEA,2014,15,,,,44,29,271,1,,,,,,
"Richardson, Paul",WR,SEA,2015,1,,,,1,1,40,,,,,,,
"Richardson, Rico",WR,TEN,2015,5,,,,5,0,0,,,,,,,
"Richardson, Trent",RB,IND,2014,15,159,519,3,34,27,229,,,,,,,1
"Riddick, Theo",RB,DET,2014,14,20,51,,50,34,316,4,,,,,,
"Riddick, Theo",RB,DET,2015,16,43,133,,99,80,697,3,,,,,,1
"Ridley, Stevan",RB,NE,2014,6,94,340,2,5,4,20,,,,,,,
"Ridley, Stevan",RB,NYJ,2015,9,36,90,,5,4,-2,,,,,,,
"Ripkowski, Aaron",RB,GB,2015,15,,,,1,1,18,,,,,,,
Rishard Matthews,WR,TEN,2016,16,,,,108,65,945,9,,,,,,1
"Rivera, Mychal",TE,OAK,2014,16,,,,99,58,534,4,,,,,,1
"Rivera, Mychal",TE,OAK,2015,16,,,,46,32,280,1,,,,,,
"Rivers, Philip",QB,SD,2014,16,37,102,,,,,,570,379,4286,31,18,2
"Rivers, Philip",QB,SD,2015,16,17,28,,,,,,661,437,4792,29,13,2
Rob Gronkowski,TE,NE,2016,8,,,,38,25,540,3,,,,,,
Robby Anderson,WR,NYJ,2016,16,3,42,,78,42,587,2,,,,,,1
Robert Griffin III,QB,CLE,2016,5,31,190,2,,,,,147,87,886,2,3,1
Robert Kelley,RB,WAS,2016,14,168,704,6,18,12,82,1,,,,,,
Robert Turbin,RB,IND,2016,15,47,164,7,35,26,179,1,,,,,,
Robert Woods,WR,BUF,2016,13,1,6,,76,51,613,1,,,,,,
"Roberts, Andre",WR,WAS,2014,16,2,21,,73,36,453,2,,,,,,2
"Roberts, Andre",WR,WAS,2015,9,,,,21,11,135,,,,,,,
"Roberts, Seth",WR,OAK,2015,16,,,,55,32,480,5,,,,,,
"Robinson, Adrien",TE,NYG,2014,16,,,,7,5,50,1,,,,,,
"Robinson, Aldrick",WR,WAS,2014,5,,,,3,1,6,,,,,,,
"Robinson, Allen",WR,JAC,2014,10,,,,81,48,548,2,,,,,,
"Robinson, Allen",WR,JAC,2015,16,,,,151,80,1400,14,,,,,,
"Robinson, Denard",RB,JAC,2014,13,135,582,4,31,23,124,,,,,,,2
"Robinson, Denard",RB,JAC,2015,13,67,266,1,30,21,164,,,,,,,1
"Robinson, Gerell",TE,MIA,2014,2,,,,1,0,0,,,,,,,
"Robinson, Josh",RB,IND,2015,5,17,39,,6,6,33,,,,,,,1
"Robinson, Khiry",RB,NO,2014,9,76,362,3,11,8,63,,,,,,,2
"Robinson, Khiry",RB,NO,2015,8,56,180,4,20,17,115,,,,,,,
"Roby, Courtney",WR,ATL,2014,4,,,,2,1,11,,,,,,,
Rod Smith,RB,DAL,2016,7,,,,1,1,4,,,,,,,
Rod Streater,WR,SF,2016,16,,,,27,18,191,2,,,,,,
"Rodgers, Aaron",QB,GB,2014,16,43,269,2,,,,,520,341,4381,38,5,2
"Rodgers, Aaron",QB,GB,2015,16,58,344,1,,,,,572,347,3821,31,8,4
"Rodgers, Jacquizz",RB,ATL,2014,16,58,217,1,40,29,173,1,,,,,,
"Rodgers, Jacquizz",RB,CHI,2015,5,14,41,,3,1,10,,,,,,,
"Rodgers, Richard",TE,GB,2014,16,,,,30,20,225,2,,,,,,
"Rodgers, Richard",TE,GB,2015,16,1,11,,85,58,510,8,,,,,,
"Roethlisberger, Ben",QB,PIT,2014,16,33,27,,,,,,608,408,4952,32,9,5
"Roethlisberger, Ben",QB,PIT,2015,12,15,29,,,,,,469,319,3938,21,16,
Roger Lewis,WR,NYG,2016,13,,,,19,7,97,2,,,,,,
"Romo, Tony",QB,DAL,2014,15,26,61,,,,,,435,304,3705,34,9,3
"Romo, Tony",QB,DAL,2015,4,4,13,,,,,,121,83,884,5,7,1
Ronnie Hillman,RB,MIN,2016,8,41,131,,15,7,93,,,,,,,
Roosevelt Nix,RB,PIT,2016,10,,,,2,2,5,,,,,,,
"Rosario, Dante",TE,CHI,2014,16,,,,22,16,116,,,,,,,1
Ross Travis,TE,KC,2016,6,,,,6,3,15,,,,,,,
"Ross, Jeremy",WR,DET,2014,16,2,-1,,35,24,314,1,,,,,,2
"Ross, Jeremy",WR,BAL,2015,11,1,2,,14,9,88,,,,,,,3
"Ross, Rashad",WR,WAS,2015,13,,,,13,8,184,1,,,,,,
"Royal, Eddie",WR,SD,2014,16,3,14,,91,62,778,7,,,,,,1
"Royal, Eddie",WR,CHI,2015,9,1,-1,,50,37,238,1,,,,,,
"Rudolph, Kyle",TE,MIN,2014,9,,,,34,24,231,2,,,,,,
"Rudolph, Kyle",TE,MIN,2015,16,,,,73,49,495,5,,,,,,
Russell Shepard,WR,TB,2016,14,1,9,,40,23,341,2,,,,,,
Russell Wilson,QB,SEA,2016,16,72,259,1,,,,,546,353,4219,21,11,2
Ryan Fitzpatrick,QB,NYJ,2016,14,33,130,,,,,,403,228,2710,12,17,1
Ryan Grant,WR,WAS,2016,16,,,,19,9,76,,,,,,,
Ryan Griffin,TE,HOU,2016,16,,,,74,50,442,2,,,,,,1
Ryan Hewitt,RB,CIN,2016,16,,,,3,2,13,,,,,,,
Ryan Mallett,QB,BAL,2016,4,5,-6,,,,,,6,3,26,,1,
Ryan Mathews,RB,PHI,2016,13,155,661,8,14,13,115,1,,,,,,2
Ryan Tannehill,QB,MIA,2016,13,39,164,1,,,,,389,261,2995,19,12,3
"Ryan, Matt",QB,ATL,2014,16,29,145,,,,,,628,415,4694,28,14,2
"Ryan, Matt",QB,ATL,2015,16,37,63,,,,,,614,407,4591,21,16,5
"Salas, Greg",WR,NYJ,2014,10,1,20,1,23,8,167,,,,,,,
"Salas, Greg",WR,BUF,2015,2,,,,5,3,41,,,,,,,
Sam Bradford,QB,MIN,2016,15,20,53,,,,,,552,395,3877,20,5,5
Sammie Coates,WR,PIT,2016,14,4,14,,49,21,435,2,,,,,,
Sammy Watkins,WR,BUF,2016,8,,,,52,28,430,2,,,,,,
"Sanchez, Mark",QB,PHI,2014,9,34,87,1,,,,,309,198,2418,14,11,3
"Sanchez, Mark",QB,PHI,2015,5,6,22,,,,,,91,59,616,4,4,1
"Sanders, Ace",WR,JAC,2014,12,,,,8,6,55,,,,,,,1
"Sanders, Emmanuel",WR,DEN,2014,16,8,44,,141,101,1404,9,,,,,,
"Sanders, Emmanuel",WR,DEN,2015,15,3,29,,136,76,1135,6,,,,,,2
"Sankey, Bishop",RB,TEN,2014,16,152,569,2,23,18,133,,,,,,,2
"Sankey, Bishop",RB,TEN,2015,13,47,193,1,22,14,139,1,,,,,,1
"Sanu, Mohamed",WR,CIN,2014,16,7,51,,99,56,790,5,,,,,,
"Sanu, Mohamed",WR,CIN,2015,16,10,71,2,49,33,394,,,,,,,
"Sanzenbacher, Dane",WR,CIN,2014,10,1,-1,,15,9,105,,,,,,,1
"Saunders, Jalen",WR,NYJ,2014,8,,,,1,1,7,,,,,,,1
"Savage, Tom",QB,HOU,2014,2,6,-6,,,,,,19,10,127,,1,1
"Schaub, Matt",QB,OAK,2014,10,,,,,,,,10,5,57,,2,1
"Schaub, Matt",QB,BAL,2015,2,4,10,,,,,,80,52,540,3,4,
Scott Tolzien,QB,IND,2016,3,6,3,,,,,,37,23,216,1,2,
Sean Mannion,QB,LAR,2016,1,1,-1,,,,,,6,3,19,,1,
Sean McGrath,TE,LAC,2016,16,,,,2,2,25,,,,,,,
"Seferian-Jenkins, Austin",TE,TB,2014,9,,,,38,21,221,2,,,,,,1
"Seferian-Jenkins, Austin",TE,TB,2015,7,,,,39,21,338,4,,,,,,
Seth DeValve,TE,CLE,2016,12,,,,12,10,127,2,,,,,,
Seth Roberts,WR,OAK,2016,16,,,,77,38,397,5,,,,,,
Shane Vereen,RB,NYG,2016,5,33,158,1,19,11,94,,,,,,,2
Shane Wynn,WR,JAC,2016,5,2,5,,3,1,19,,,,,,,
Shaun Draughn,RB,SF,2016,16,74,196,4,39,29,263,2,,,,,,1
Shaun Hill,QB,MIN,2016,3,5,5,,,,,,35,19,242,,,
"Shaw, Connor",QB,CLE,2014,1,7,9,,,,,,28,14,177,,1,1
"Shepard, Russell",WR,TB,2014,16,,,,8,4,63,,,,,,,
"Shepard, Russell",WR,TB,2015,13,,,,9,3,28,1,,,,,,
"Sherman, Anthony",RB,KC,2014,16,2,8,,14,10,71,1,,,,,,
"Sherman, Anthony",RB,KC,2015,16,1,0,,5,4,34,,,,,,,
"Shorts, Cecil",WR,JAC,2014,13,,,,110,53,557,1,,,,,,1
"Shorts, Cecil",WR,HOU,2015,11,10,47,,75,42,484,2,,,,,,1
"Shuler, Mickey",TE,JAC,2014,3,,,,3,0,0,,,,,,,
"Siemian, Trevor",QB,DEN,2015,1,1,-1,,,,,,0,0,0,,,
"Simms, Matt",QB,NYJ,2014,1,1,2,,,,,,8,3,39,,,
"Simonson, Scott",TE,CAR,2015,9,,,,1,1,10,,,,,,,
"Simpson, Jerome",WR,SF,2015,5,,,,19,5,54,1,,,,,,
"Sims, Charles",RB,TB,2014,8,66,185,1,27,19,190,,,,,,,1
"Sims, Charles",RB,TB,2015,16,107,529,,70,51,561,4,,,,,,2
"Sims, Dion",TE,MIA,2014,14,,,,36,24,284,2,,,,,,
"Sims, Dion",TE,MIA,2015,13,,,,25,18,127,1,,,,,,1
"Slater, Matt",WR,NE,2015,16,,,,1,0,0,,,,,,,
"Smith, Alex",QB,KC,2014,15,49,254,1,,,,,464,303,3265,18,6,1
"Smith, Alex",QB,KC,2015,16,84,498,2,,,,,470,307,3486,20,7,
"Smith, Alex",TE,WAS,2015,3,,,,2,0,0,,,,,,,
"Smith, Alfonso",RB,SF,2014,6,7,19,,4,3,11,,,,,,,
"Smith, Antone",RB,ATL,2014,10,23,144,2,15,13,222,3,,,,,,1
"Smith, Antone",RB,CHI,2015,5,1,11,,,,,,,,,,,
"Smith, Brad",WR,PHI,2014,13,,,,3,1,11,,,,,,,
"Smith, Devin",WR,NYJ,2015,10,,,,28,9,115,1,,,,,,1
"Smith, Geno",QB,NYJ,2014,14,59,238,1,,,,,367,219,2525,13,13,3
"Smith, Geno",QB,NYJ,2015,1,2,34,,,,,,42,27,265,2,1,
"Smith, Kevin",WR,SEA,2015,7,,,,5,3,43,,,,,,,
"Smith, Lee",TE,BUF,2014,14,,,,8,7,42,1,,,,,,
"Smith, Lee",TE,OAK,2015,15,,,,13,12,70,1,,,,,,
"Smith, Rod",RB,SEA,2015,11,2,5,,2,1,6,,,,,,,
"Smith, Rodney",WR,MIN,2014,4,,,,1,0,0,,,,,,,
"Smith, Steve",WR,BAL,2014,16,,,,134,79,1065,6,,,,,,1
"Smith, Steve",WR,BAL,2015,7,,,,73,46,670,3,,,,,,
"Smith, Torrey",WR,BAL,2014,16,,,,92,49,767,11,,,,,,
"Smith, Torrey",WR,SF,2015,16,,,,62,33,663,4,,,,,,
"Snead, Willie",WR,NO,2015,15,,,,101,69,984,3,,,,,,1
"Spaeth, Matt",TE,PIT,2014,15,,,,4,3,46,1,,,,,,
"Spaeth, Matt",TE,PIT,2015,13,,,,3,2,10,,,,,,,
Spencer Ware,RB,KC,2016,14,214,921,3,42,33,447,2,,,,,,3
"Spencer, Evan",WR,MIN,2014,1,5,8,,,,,,,,,,,
"Spiller, C.J.",RB,BUF,2014,9,77,299,,22,19,125,1,,,,,,1
"Spiller, C.J.",RB,NO,2015,13,36,112,,44,34,239,2,,,,,,
"Sproles, Darren",RB,PHI,2014,15,57,329,6,62,40,387,,,,,,,1
"Sproles, Darren",RB,PHI,2015,16,83,317,3,83,55,388,1,,,,,,
"Spurlock, Micheal",WR,CHI,2014,1,,,,3,1,8,,,,,,,
"Stacy, Zac",RB,STL,2014,13,76,293,1,23,18,152,,,,,,,2
"Stacy, Zac",RB,NYJ,2015,8,31,89,1,12,9,65,,,,,,,
"Stafford, Matthew",QB,DET,2014,16,43,93,2,,,,,602,363,4257,22,12,3
"Stafford, Matthew",QB,DET,2015,16,44,159,1,,,,,592,398,4262,32,13,2
"Stanton, Drew",QB,ARI,2014,9,25,63,,,,,,240,132,1711,7,5,
"Stanton, Drew",QB,ARI,2015,7,13,-13,,,,,,25,11,104,,2,
"Starks, James",RB,GB,2014,16,85,333,2,29,18,140,,,,,,,
"Starks, James",RB,GB,2015,16,148,601,2,53,43,392,3,,,,,,3
Stefon Diggs,WR,MIN,2016,13,3,10,,112,84,903,3,,,,,,
Stepfan Taylor,RB,ARI,2016,15,4,12,,,,,,,,,,,
Stephen Anderson,TE,HOU,2016,13,,,,16,11,93,1,,,,,,
Sterling Shepard,WR,NYG,2016,16,3,31,,105,65,683,8,,,,,,
"Sterling, Neal",WR,JAC,2015,9,,,,,,,,,,,,,
Stevan Ridley,RB,ATL,2016,1,3,7,,,,,,,,,,,
Steve Smith Sr.,WR,BAL,2016,14,,,,101,70,799,5,,,,,,
"Stevens, Craig",TE,TEN,2014,5,,,,2,2,26,,,,,,,
"Stevens, Craig",TE,TEN,2015,16,,,,16,12,121,2,,,,,,
"Stewart, Jeremy",RB,DEN,2014,6,6,22,,,,,,,,,,,
"Stewart, Jonathan",RB,CAR,2014,13,175,809,3,31,25,181,1,,,,,,1
"Stewart, Jonathan",RB,CAR,2015,13,242,989,6,21,16,99,1,,,,,,2
"Stills, Kenny",WR,NO,2014,15,1,-2,,83,63,931,3,,,,,,
"Stills, Kenny",WR,MIA,2015,16,,,,63,27,440,3,,,,,,
"Stocker, Luke",TE,TB,2014,13,,,,11,7,41,,,,,,,
"Stocker, Luke",TE,TB,2015,14,,,,13,9,61,1,,,,,,
"Stoneburner, Jake",TE,MIA,2015,11,,,,5,5,47,2,,,,,,
"Streater, Rod",WR,OAK,2014,3,,,,13,9,84,1,,,,,,
"Streater, Rod",WR,OAK,2015,1,,,,1,1,8,,,,,,,
"Street, Devin",WR,DAL,2014,16,,,,7,2,18,,,,,,,
"Street, Devin",WR,DAL,2015,14,,,,13,7,114,1,,,,,,1
"Strong, Jaelen",WR,HOU,2015,10,,,,24,14,161,3,,,,,,
"Sudfeld, Zach",TE,NYJ,2014,16,,,,7,5,85,,,,,,,
"Summers, Frank",RB,BUF,2014,10,6,17,1,8,5,9,,,,,,,
"Supernaw, Phillip",TE,BAL,2014,7,,,,3,3,30,,,,,,,
"Supernaw, Phillip",TE,TEN,2015,16,,,,4,3,32,,,,,,,1
"Swaim, Geoff",TE,DAL,2015,4,,,,1,1,0,,,,,,,
T.J. Yeldon,RB,JAC,2016,15,130,465,1,68,50,312,1,,,,,,1
T.Y. Hilton,WR,IND,2016,16,,,,155,91,1448,6,,,,,,
Taiwan Jones,RB,OAK,2016,13,1,-8,,4,4,43,,,,,,,
Tajae Sharpe,WR,TEN,2016,16,1,1,,83,41,522,2,,,,,,
"Taliaferro, Lorenzo",RB,BAL,2014,13,68,292,4,10,8,114,,,,,,,1
"Taliaferro, Lorenzo",RB,BAL,2015,3,13,47,1,5,5,29,,,,,,,
"Tamme, Jacob",TE,DEN,2014,15,,,,28,14,109,2,,,,,,1
"Tamme, Jacob",TE,ATL,2015,15,,,,81,59,657,1,,,,,,
"Tannehill, Ryan",QB,MIA,2014,16,56,311,1,,,,,590,392,4045,27,12,2
"Tannehill, Ryan",QB,MIA,2015,16,32,141,1,,,,,586,363,4208,24,12,3
Tanner McEvoy,WR,SEA,2016,14,,,,11,9,140,2,,,,,,
"Tanney, Alex",QB,TEN,2015,1,,,,,,,,14,10,99,1,,
"Tate, Ben",RB,CLE,2014,10,114,363,4,12,9,60,,,,,,,
"Tate, Brandon",WR,CIN,2014,16,3,21,,25,17,193,1,,,,,,1
"Tate, Brandon",WR,CIN,2015,16,,,,3,2,59,1,,,,,,
"Tate, Golden",WR,DET,2014,16,5,30,,144,99,1331,4,,,,,,
"Tate, Golden",WR,DET,2015,16,6,41,,128,90,813,6,,,,,,1
"Ta'ufo'ou, Will",RB,JAC,2014,16,,,,8,7,81,,,,,,,
Tavarres King,WR,NYG,2016,6,,,,4,2,50,,,,,,,
Tavon Austin,WR,LAR,2016,15,28,159,1,106,58,509,3,,,,,,1
Taylor Gabriel,WR,ATL,2016,13,4,51,1,50,35,579,6,,,,,,
"Taylor, Stepfan",RB,ARI,2014,14,63,208,1,15,11,79,3,,,,,,
"Taylor, Stepfan",RB,ARI,2015,16,17,58,,3,1,4,,,,,,,
"Taylor, Tyrod",QB,BAL,2014,1,4,-3,,,,,,0,0,0,,,
"Taylor, Tyrod",QB,BUF,2015,14,104,568,4,,,,,380,242,3035,20,6,1
"Ted Ginn, Jr.",WR,CAR,2016,16,14,98,,95,54,752,4,,,,,,2
Terrance West,RB,BAL,2016,16,193,774,5,45,34,236,1,,,,,,
Terrance Williams,WR,DAL,2016,16,,,,61,44,594,4,,,,,,1
Terrell Watson,RB,PHI,2016,1,9,28,1,1,1,5,,,,,,,
Terrelle Pryor Sr.,WR,CLE,2016,16,8,21,1,140,77,1007,4,,,,,,
Terrence Magee,RB,SEA,2016,2,3,12,,,,,,,,,,,
Terron Ward,RB,ATL,2016,5,31,151,,2,1,11,,,,,,,
Tevin Coleman,RB,ATL,2016,13,118,520,8,40,31,421,3,,,,,,
Theo Riddick,RB,DET,2016,10,92,357,1,67,53,371,5,,,,,,
"Thielen, Adam",WR,MIN,2014,16,,,,14,8,137,1,,,,,,
"Thielen, Adam",WR,MIN,2015,16,4,89,,18,12,144,,,,,,,
"Thigpen, Marcus",WR,TB,2014,9,,,,1,0,0,,,,,,,1
"Thigpen, Marcus",WR,BUF,2015,9,1,-1,,,,,,,,,,,2
Thomas Rawls,RB,SEA,2016,9,109,349,3,17,13,96,,,,,,,
"Thomas, Daniel",RB,MIA,2014,12,44,168,2,19,13,121,,,,,,,1
"Thomas, De'Anthony",RB,KC,2014,12,14,113,1,31,23,156,,,,,,,
"Thomas, De'Anthony",WR,KC,2015,10,9,34,1,25,17,140,1,,,,,,1
"Thomas, Demaryius",WR,DEN,2014,16,,,,184,111,1619,11,,,,,,
"Thomas, Demaryius",WR,DEN,2015,16,,,,177,105,1304,6,,,,,,2
"Thomas, Julius",TE,DEN,2014,13,,,,62,43,489,12,,,,,,
"Thomas, Julius",TE,JAC,2015,12,,,,80,46,455,5,,,,,,
"Thomas, Logan",QB,ARI,2014,2,,,,,,,,9,1,81,1,,
"Thomas, Pierre",RB,NO,2014,11,45,222,2,55,45,378,1,,,,,,
"Thomas, Pierre",RB,SF,2015,5,15,64,,11,9,84,,,,,,,
"Thompkins, Kenbrell",WR,NE,2014,14,2,5,,48,21,262,,,,,,,
"Thompkins, Kenbrell",WR,NYJ,2015,7,,,,33,17,165,,,,,,,
"Thompson, Chris",RB,WAS,2014,2,3,12,,7,6,27,1,,,,,,
"Thompson, Chris",RB,WAS,2015,13,35,216,,48,35,240,2,,,,,,
"Thompson, Deonte",WR,CHI,2015,7,,,,3,2,81,,,,,,,
"Thompson, Jordan",TE,DET,2014,2,,,,1,0,0,,,,,,,
"Thompson, Juwan",RB,DEN,2014,15,54,272,3,7,4,25,,,,,,,
"Thompson, Juwan",RB,DEN,2015,15,18,48,,9,6,51,,,,,,,
"Thompson, Taylor",TE,TEN,2014,3,,,,4,2,24,,,,,,,
Tim Hightower,RB,NO,2016,16,133,548,4,26,22,200,1,,,,,,
"Tipton, Zurlon",RB,IND,2014,6,10,18,,6,6,68,1,,,,,,
"Tipton, Zurlon",RB,IND,2015,10,5,20,,8,5,57,,,,,,,
TJ Jones,WR,DET,2016,3,,,,14,5,93,,,,,,,
Todd Gurley,RB,LAR,2016,16,278,885,6,58,43,327,,,,,,,1
"Todman, Jordan",RB,JAC,2014,16,32,186,1,37,25,198,1,,,,,,
"Todman, Jordan",RB,PIT,2015,11,4,22,,2,0,0,,,,,,,
"Toilolo, Levine",TE,ATL,2014,16,,,,53,31,238,2,,,,,,1
"Toilolo, Levine",TE,ATL,2015,16,,,,12,7,44,,,,,,,
"Tolbert, Mike",RB,CAR,2014,8,37,78,,17,12,93,,,,,,,
"Tolbert, Mike",RB,CAR,2015,16,62,256,1,23,18,154,3,,,,,,
"Tolzien, Scott",QB,GB,2015,3,3,-3,,,,,,1,1,4,,,
Tom Brady,QB,NE,2016,12,28,64,,,,,,432,291,3554,28,2,
Tom Savage,QB,HOU,2016,3,6,12,,,,,,73,46,461,,,1
Tommylee Lewis,WR,NO,2016,12,3,11,,11,7,76,,,,,,,
Tony Romo,QB,DAL,2016,1,,,,,,,,4,3,29,1,,
Tony Washington,WR,JAC,2016,2,,,,1,1,9,,,,,,,
"Toon, Nick",WR,NO,2014,4,,,,11,9,104,1,,,,,,
Torrey Smith,WR,SF,2016,12,,,,49,20,267,3,,,,,,
"Toussaint, Fitzgerald",RB,BAL,2014,2,6,12,,6,3,27,,,,,,,
"Toussaint, Fitzgerald",RB,PIT,2015,5,18,42,,,,,,,,,,,
Travaris Cadet,RB,NO,2016,15,4,19,,54,40,281,4,,,,,,
Travis Benjamin,WR,LAC,2016,14,2,-3,,75,47,677,4,,,,,,3
Travis Kelce,TE,KC,2016,16,1,-5,,117,85,1125,4,,,,,,
Trevone Boykin,QB,SEA,2016,6,8,1,,,,,,18,13,145,1,1,
Trevor Davis,WR,GB,2016,11,,,,7,3,24,1,,,,,,1
Trevor Siemian,QB,DEN,2016,14,28,57,,,,,,486,289,3401,18,10,2
Trey Burton,TE,PHI,2016,15,,,,60,37,327,1,,,,,,
Troy Niklas,TE,ARI,2016,3,,,,2,1,0,,,,,,,
Troymaine Pope,RB,NYJ,2016,4,12,44,,2,2,6,,,,,,,
"Tukuafu, Will",RB,SEA,2014,9,1,2,,2,1,4,,,,,,,
"Tukuafu, Will",RB,SEA,2015,14,4,1,1,1,1,7,1,,,,,,1
"Turbin, Robert",RB,SEA,2014,16,74,310,,20,16,186,2,,,,,,1
"Turbin, Robert",RB,CLE,2015,10,50,199,1,10,7,23,,,,,,,
"Turzilli, Andrew",WR,TEN,2015,3,,,,2,2,25,,,,,,,
Ty Montgomery,RB,GB,2016,15,77,457,3,56,44,348,,,,,,,1
"Tye, Will",TE,NYG,2015,13,,,,62,42,464,3,,,,,,1
Tyler Boyd,WR,CIN,2016,16,4,58,,81,54,603,1,,,,,,1
Tyler Eifert,TE,CIN,2016,8,,,,47,29,394,5,,,,,,
Tyler Ervin,RB,HOU,2016,12,1,3,,5,3,18,,,,,,,2
Tyler Higbee,TE,LAR,2016,16,,,,29,11,85,1,,,,,,
Tyler Kroft,TE,CIN,2016,14,,,,12,10,92,,,,,,,
Tyler Lockett,WR,SEA,2016,15,6,114,1,66,41,597,1,,,,,,
"Tyms, Brian",WR,NE,2014,11,,,,11,5,82,1,,,,,,
Tyreek Hill,WR,KC,2016,16,24,267,3,83,61,593,6,,,,,,1
Tyrell Williams,WR,LAC,2016,16,,,,119,69,1059,7,,,,,,
Tyrod Taylor,QB,BUF,2016,15,95,580,6,,,,,436,269,3023,17,6,2
"Uzomah, C.J.",TE,CIN,2015,5,,,,1,1,4,,,,,,,
Vance McDonald,TE,SF,2016,11,,,,45,24,391,4,,,,,,
"Varga, Tyler",RB,IND,2015,3,1,2,,2,1,18,,,,,,,
"Vereen, Shane",RB,NE,2014,16,96,391,2,77,52,447,3,,,,,,
"Vereen, Shane",RB,NYG,2015,16,61,260,,81,59,495,4,,,,,,
Vernon Davis,TE,WAS,2016,16,,,,59,44,583,2,,,,,,
"Vick, Michael",QB,NYJ,2014,10,26,153,,,,,,121,64,604,3,2,2
"Vick, Michael",QB,PIT,2015,5,20,99,,,,,,66,40,371,2,1,
Victor Cruz,WR,NYG,2016,15,,,,72,39,586,1,,,,,,1
Vincent Jackson,WR,TB,2016,5,,,,32,15,173,,,,,,,
Virgil Green,TE,DEN,2016,12,,,,37,22,237,1,,,,,,
"Walford, Clive",TE,OAK,2015,16,,,,50,28,329,3,,,,,,
"Walker, Delanie",TE,TEN,2014,15,,,,106,63,890,4,,,,,,
"Walker, Delanie",TE,TEN,2015,15,1,36,,133,94,1088,6,,,,,,
"Wallace, Mike",WR,MIA,2014,16,4,16,,115,67,862,10,,,,,,1
"Wallace, Mike",WR,MIN,2015,16,1,6,,72,39,473,2,,,,,,
"Waller, Darren",WR,BAL,2015,6,,,,6,2,18,,,,,,,
Walter Powell,WR,BUF,2016,9,,,,25,14,142,,,,,,,
"Walters, Bryan",WR,SEA,2014,13,1,-2,,11,6,57,,,,,,,
"Walters, Bryan",WR,JAC,2015,11,,,,45,32,368,1,,,,,,
"Ward, Terron",RB,ATL,2015,13,29,95,1,13,9,73,,,,,,,
"Ware, Spencer",RB,KC,2015,11,72,403,6,6,6,5,,,,,,,
"Washington, Corey",WR,NYG,2014,14,,,,8,5,52,1,,,,,,
"Washington, Leon",RB,TEN,2014,16,13,57,,31,22,159,2,,,,,,1
"Washington, Nate",WR,TEN,2014,16,,,,72,40,647,2,,,,,,
"Washington, Nate",WR,HOU,2015,14,,,,94,47,658,4,,,,,,
"Washington, Tony",WR,JAC,2015,4,1,8,,,,,,,,,,,
"Watkins, Sammy",WR,BUF,2014,16,2,8,,128,65,982,6,,,,,,1
"Watkins, Sammy",WR,BUF,2015,13,1,1,,96,60,1047,9,,,,,,
"Watson, Benjamin",TE,NO,2014,16,,,,31,20,136,2,,,,,,
"Watson, Benjamin",TE,NO,2015,16,,,,110,74,825,6,,,,,,1
"Watts, Trey",RB,STL,2014,14,7,30,,4,3,18,,,,,,,
"Wayne, Reggie",WR,IND,2014,15,,,,116,64,779,2,,,,,,1
"Webb, Joe",QB,CAR,2014,7,,,,,,,,0,0,0,,,
"Webb, Joe",QB,CAR,2015,16,1,-1,,,,,,0,0,0,,,
"Weeden, Brandon",QB,DAL,2014,6,6,-1,,,,,,41,24,303,3,2,
"Weeden, Brandon",QB,DAL,2015,6,16,47,1,,,,,140,97,1044,5,2,1
"Weems, Eric",WR,ATL,2014,15,,,,11,10,102,2,,,,,,
"Weems, Eric",WR,ATL,2015,16,1,4,,1,1,11,,,,,,,
"Welker, Wes",WR,DEN,2014,14,,,,64,49,464,2,,,,,,
"Welker, Wes",WR,LA,2015,8,,,,22,13,102,,,,,,,
Wendall Williams,WR,HOU,2016,3,,,,7,4,75,,,,,,,
Wendell Smallwood,RB,PHI,2016,13,77,312,1,13,6,55,,,,,,,1
"West, Charcandrick",RB,KC,2014,6,,,,2,0,0,,,,,,,
"West, Charcandrick",RB,KC,2015,15,160,634,4,34,20,214,1,,,,,,1
"West, Terrance",RB,CLE,2014,14,171,673,4,13,11,64,1,,,,,,1
"West, Terrance",RB,TEN,2015,8,62,231,,5,4,21,,,,,,,2
"Whalen, Griff",WR,IND,2014,10,,,,3,2,23,,,,,,,1
"Whalen, Griff",WR,IND,2015,14,,,,26,19,205,1,,,,,,2
"Wheaton, Markus",WR,PIT,2014,16,4,19,,89,53,644,2,,,,,,
"Wheaton, Markus",WR,PIT,2015,16,,,,79,44,749,5,,,,,,
"White, DeAndrew",WR,SF,2015,4,,,,2,2,18,,,,,,,
"White, James",RB,NE,2014,3,9,38,,5,5,23,,,,,,,
"White, James",RB,NE,2015,14,22,56,2,54,40,410,4,,,,,,
"White, Myles",WR,NYG,2015,12,,,,20,7,88,1,,,,,,
"White, Roddy",WR,ATL,2014,14,,,,124,80,921,7,,,,,,1
"White, Roddy",WR,ATL,2015,16,,,,70,43,506,1,,,,,,
"Whitehead, Lucky",WR,DAL,2015,15,10,107,,8,6,16,,,,,,,1
"Whitehurst, Charlie",QB,TEN,2014,7,20,90,,,,,,185,105,1326,7,2,
"Whitehurst, Charlie",QB,TEN,2015,5,2,1,,,,,,32,16,150,,1,
"Whitlock, Nikita",RB,NYG,2015,14,,,,,,,,,,,,,
"Whittaker, Foswhitt",RB,CAR,2014,10,32,145,1,6,5,60,1,,,,,,
"Whittaker, Foswhitt",RB,CAR,2015,15,25,108,1,15,12,64,,,,,,,
Will Fuller,WR,HOU,2016,14,1,-3,,92,47,635,2,,,,,,
Will Tukuafu,RB,SEA,2016,7,2,2,,1,,,,,,,,,
Will Tye,TE,NYG,2016,16,,,,70,48,395,1,,,,,,
"Williams, Andre",RB,NYG,2014,16,217,721,7,35,18,130,,,,,,,
"Williams, Andre",RB,NYG,2015,16,88,257,1,3,1,7,,,,,,,
"Williams, Brandon",TE,CAR,2014,14,,,,8,4,44,,,,,,,
"Williams, Chris",WR,CHI,2014,7,1,-8,,,,,,,,,,,
"Williams, Damian",WR,MIA,2014,4,1,-1,,3,3,26,,,,,,,
"Williams, Damien",RB,MIA,2014,16,35,123,,25,19,175,1,,,,,,
"Williams, Damien",RB,MIA,2015,16,16,59,,28,21,142,1,,,,,,1
"Williams, DeAngelo",RB,CAR,2014,6,63,219,,6,5,44,,,,,,,1
"Williams, DeAngelo",RB,PIT,2015,16,200,907,11,47,40,367,,,,,,,2
"Williams, Karlos",RB,BUF,2015,11,93,517,7,14,11,96,2,,,,,,1
"Williams, Kasen",WR,SEA,2015,2,1,5,,1,1,8,,,,,,,
"Williams, Kerwynn",RB,ARI,2014,5,53,246,,6,2,11,,,,,,,
"Williams, Kerwynn",RB,ARI,2015,6,27,142,1,2,2,16,,,,,,,1
"Williams, Maxx",TE,BAL,2015,14,,,,48,32,268,1,,,,,,
"Williams, Michael",TE,NE,2015,15,,,,6,3,26,,,,,,,
"Williams, Mike",WR,BUF,2014,9,,,,19,8,142,1,,,,,,
"Williams, Nick",WR,ATL,2015,14,,,,25,17,159,2,,,,,,
"Williams, Terrance",WR,DAL,2014,16,,,,65,37,621,8,,,,,,
"Williams, Terrance",WR,DAL,2015,16,,,,93,52,840,3,,,,,,
"Williams, Trey",RB,IND,2015,2,2,12,,,,,,,,,,,
"Williams, Tyrell",WR,SD,2015,5,,,,5,2,90,1,,,,,,
Willie Snead IV,WR,NO,2016,15,,,,104,72,895,4,,,,,,
"Willson, Luke",TE,SEA,2014,15,,,,40,22,362,3,,,,,,
"Willson, Luke",TE,SEA,2015,14,,,,26,17,213,1,,,,,,
"Wilson, Albert",WR,KC,2014,12,,,,28,16,260,,,,,,,
"Wilson, Albert",WR,KC,2015,14,5,26,,57,35,451,2,,,,,,
"Wilson, Marquess",WR,CHI,2014,7,,,,32,17,140,1,,,,,,
"Wilson, Marquess",WR,CHI,2015,11,,,,51,28,464,1,,,,,,
"Wilson, Russell",QB,SEA,2014,16,118,849,6,,,,,452,285,3475,20,7,
"Wilson, Russell",QB,SEA,2015,16,103,553,1,,,,,483,329,4024,34,8,3
"Winn, George",RB,DET,2014,12,19,73,,3,0,0,,,,,,,
"Winn, George",RB,DET,2015,7,4,1,,,,,,,,,,,
"Winston, Glenn",RB,CLE,2015,3,1,-8,,,,,,,,,,,1
"Winston, Jameis",QB,TB,2015,16,53,210,6,,,,,535,312,4042,22,15,2
"Witten, Jason",TE,DAL,2014,16,,,,90,64,703,5,,,,,,
"Witten, Jason",TE,DAL,2015,16,,,,104,77,713,3,,,,,,1
"Wood, Cierre",RB,BUF,2015,3,2,3,,1,1,-6,,,,,,,
"Woodhead, Danny",RB,SD,2014,3,15,38,,6,5,34,,,,,,,
"Woodhead, Danny",RB,SD,2015,16,98,336,3,106,80,755,6,,,,,,
"Woods, Robert",WR,BUF,2014,16,,,,104,65,699,5,,,,,,1
"Woods, Robert",WR,BUF,2015,14,1,0,,80,47,552,3,,,,,,1
"Worthy, Chandler",WR,HOU,2015,3,,,,4,3,14,,,,,,,
"Wright, James",WR,CIN,2014,11,3,30,,16,5,91,,,,,,,
"Wright, Jarius",WR,MIN,2014,16,5,71,,62,42,588,2,,,,,,
"Wright, Jarius",WR,MIN,2015,16,1,29,,50,34,442,,,,,,,1
"Wright, Kendall",WR,TEN,2014,14,4,54,,93,57,715,6,,,,,,1
"Wright, Kendall",WR,TEN,2015,10,5,17,,60,36,408,3,,,,,,
"Wright, Timothy",TE,NE,2014,16,1,-2,,33,26,259,6,,,,,,
"Wright, Timothy",TE,DET,2015,9,,,,16,9,77,2,,,,,,
Xavier Grimble,TE,PIT,2016,12,,,,21,11,118,2,,,,,,
"Yates, T.J.",QB,ATL,2014,2,,,,,,,,4,3,64,,1,
"Yates, T.J.",QB,HOU,2015,4,6,0,,,,,,57,28,370,3,1,1
"Yeldon, T.J.",RB,JAC,2015,12,182,740,2,46,36,279,1,,,,,,
"Young, Darrel",RB,WAS,2014,16,9,22,3,14,11,81,2,,,,,,
"Young, Darrel",RB,WAS,2015,16,6,10,,6,6,22,,,,,,,
Zach Ertz,TE,PHI,2016,14,,,,106,78,816,4,,,,,,
Zach Line,RB,MIN,2016,15,7,15,,3,,,,,,,,,
Zach Miller,TE,CHI,2016,10,,,,64,47,486,4,,,,,,
Zach Zenner,RB,DET,2016,14,88,334,4,23,18,196,,,,,,,1
"Zenner, Zach",RB,DET,2015,6,17,60,,3,2,11,,,,,,,
